Time,result,table,_start,_stop,_time,_measurement,dst_ip,protocol,src_ip,ack_rtt_ms,avg_latency_ms,bandwidth_mbps,jitter_ms,packet_length_bytes,retransmission,session_duration_sec,tcp_dst_port,tcp_src_port,time_delta_ms,total_data_mb,ttl,window_size,tcp_flags
2024-12-08 05:48:10.782225+00:00,_result,0,2024-12-08 05:48:07.386820+00:00,2024-12-08 05:49:07.386820+00:00,2024-12-08 05:48:10.782225+00:00,network_metrics,0,ARP,0,63.42,303.42,0.0,336.81,0.0,0,2.46,443.0,443.0,606.57,0.13,0.3853658536585366,0.007812619211108568,
2024-12-08 05:48:18.951114+00:00,_result,0,2024-12-08 05:48:07.386820+00:00,2024-12-08 05:49:07.386820+00:00,2024-12-08 05:48:18.951114+00:00,network_metrics,0,ARP,0,5.53,69.74,0.0,98.63,0.0,0,0.0,61276.0,443.0,139.49,0.05,0.3761904761904762,0.004806591897459373,
2024-12-08 05:48:30.340569+00:00,_result,0,2024-12-08 05:48:07.386820+00:00,2024-12-08 05:49:07.386820+00:00,2024-12-08 05:48:30.340569+00:00,network_metrics,0,ARP,0,7.86,123.26,0.0,199.0,0.01,0,13.31,443.0,443.0,23.86,6.69,0.48425196850393704,0.007812619211108568,
2024-12-08 05:48:36.847686+00:00,_result,0,2024-12-08 05:48:07.386820+00:00,2024-12-08 05:49:07.386820+00:00,2024-12-08 05:48:36.847686+00:00,network_metrics,0,ARP,0,36.23,42.96,0.0,48.17,0.0,0,1.4,443.0,443.0,70.88,1.78,1.0,0.0052930288057030095,
2024-12-08 05:48:47.570728+00:00,_result,0,2024-12-08 05:48:07.386820+00:00,2024-12-08 05:49:07.386820+00:00,2024-12-08 05:48:47.570728+00:00,network_metrics,0,ARP,0,4.46,65.07,0.0,119.75,0.0,0,1.6,443.0,443.0,354.34,2.04,0.47244094488188976,0.007812619211108568,
2024-12-08 05:48:52.786023+00:00,_result,0,2024-12-08 05:48:07.386820+00:00,2024-12-08 05:49:07.386820+00:00,2024-12-08 05:48:52.786023+00:00,network_metrics,0,ARP,0,1.71,38.08,0.0,55.61,0.0,0,2.0,61714.0,443.0,101.69,0.45,0.22440944881889763,0.004654001678492409,
2024-12-08 05:49:03.599374+00:00,_result,0,2024-12-08 05:48:07.386820+00:00,2024-12-08 05:49:07.386820+00:00,2024-12-08 05:49:03.599374+00:00,network_metrics,0,ARP,0,47.49,61.33,0.0,157.91,0.01,0,4.12,443.0,443.0,1000.0,9.92,0.48425196850393704,0.007812619211108568,
2024-12-08 05:48:41.663645+00:00,_result,1,2024-12-08 05:48:07.386820+00:00,2024-12-08 05:49:07.386820+00:00,2024-12-08 05:48:41.663645+00:00,network_metrics,0,MDNS,0,9.47,63.84,0.0,141.65,0.02,0,3.06,443.0,443.0,1.06,5.98,0.49586776859504134,0.015960936903944456,
2024-12-08 05:48:58.290835+00:00,_result,1,2024-12-08 05:48:07.386820+00:00,2024-12-08 05:49:07.386820+00:00,2024-12-08 05:48:58.290835+00:00,network_metrics,0,MDNS,0,67.3,72.48,0.0,154.91,0.01,0,5.47,61786.0,443.0,254.91,1.42,0.1889763779527559,0.001266498817425803,
2024-12-08 05:48:23.177826+00:00,_result,2,2024-12-08 05:48:07.386820+00:00,2024-12-08 05:49:07.386820+00:00,2024-12-08 05:48:23.177826+00:00,network_metrics,1249757372,TCP,2886799464,5.53,0.28,0.0,,0.0,0,0.0,5228.0,56842.0,0.28,0.0,0.3952380952380953,0.007782101167315175,0.6363636363636364
2024-12-08 05:49:05.547469+00:00,_result,3,2024-12-08 05:48:07.386820+00:00,2024-12-08 05:49:07.386820+00:00,2024-12-08 05:49:05.547469+00:00,network_metrics,134743044,DNS,2886799464,47.49,2.7,0.0,19.18,0.03,0,0.96,443.0,443.0,195.99,127.27,0.5,0.007812619211108568,0.0
2024-12-08 05:48:31.362212+00:00,_result,4,2024-12-08 05:48:07.386820+00:00,2024-12-08 05:49:07.386820+00:00,2024-12-08 05:48:31.362212+00:00,network_metrics,134743044,TCP,2886796214,7.86,1.18,0.0,2.2,0.01,0,1.26,443.0,61479.0,0.37,144.09,0.5,0.9802395666437781,0.0
2024-12-08 05:48:42.581023+00:00,_result,4,2024-12-08 05:48:07.386820+00:00,2024-12-08 05:49:07.386820+00:00,2024-12-08 05:48:42.581023+00:00,network_metrics,134743044,TCP,2886796214,0.07,15.78,0.0,81.17,0.0,0,3.26,443.0,61558.0,0.38,229.45,0.5247933884297521,0.007766842145418479,0.6086956521739131
2024-12-08 05:48:48.317002+00:00,_result,4,2024-12-08 05:48:07.386820+00:00,2024-12-08 05:49:07.386820+00:00,2024-12-08 05:48:48.317002+00:00,network_metrics,134743044,TCP,2886796214,0.16,11.88,0.0,35.01,0.0,0,2.0,443.0,61627.0,5.05,41.14,0.5,0.007812619211108568,0.6363636363636364
2024-12-08 05:48:53.293576+00:00,_result,4,2024-12-08 05:48:07.386820+00:00,2024-12-08 05:49:07.386820+00:00,2024-12-08 05:48:53.293576+00:00,network_metrics,134743044,TCP,2886796214,1.71,2.96,0.0,9.03,0.0,0,2.44,443.0,61629.0,0.9,10.38,0.5,0.007782101167315175,0.6818181818181818
2024-12-08 05:48:58.899002+00:00,_result,4,2024-12-08 05:48:07.386820+00:00,2024-12-08 05:49:07.386820+00:00,2024-12-08 05:48:58.899002+00:00,network_metrics,134743044,TCP,2886796214,67.3,19.74,0.0,55.65,0.0,0,3.53,443.0,61710.0,0.28,3.96,0.5,0.007812619211108568,0.6818181818181818
2024-12-08 05:49:04.704115+00:00,_result,4,2024-12-08 05:48:07.386820+00:00,2024-12-08 05:49:07.386820+00:00,2024-12-08 05:49:04.704115+00:00,network_metrics,134743044,TCP,2886796214,47.49,0.22,0.0,0.04,0.01,0,0.03,443.0,61776.0,0.25,0.12,0.5,0.007736324101625086,0.6818181818181818
2024-12-08 05:48:12.162240+00:00,_result,5,2024-12-08 05:48:07.386820+00:00,2024-12-08 05:49:07.386820+00:00,2024-12-08 05:48:12.162240+00:00,network_metrics,134743044,TCP,2886799464,63.42,19.54,0.0,103.91,0.01,0,2.44,443.0,61211.0,1000.0,65.29,0.40487804878048783,0.9802395666437781,0.0
2024-12-08 05:48:37.232347+00:00,_result,6,2024-12-08 05:48:07.386820+00:00,2024-12-08 05:49:07.386820+00:00,2024-12-08 05:48:37.232347+00:00,network_metrics,134743044,TLSv1.3,2886796214,36.23,8.43,0.0,23.49,0.05,0,1.45,443.0,61512.0,0.97,289.83,1.0,0.0052930288057030095,0.9999999999999999
2024-12-08 05:48:22.661329+00:00,_result,7,2024-12-08 05:48:07.386820+00:00,2024-12-08 05:49:07.386820+00:00,2024-12-08 05:48:22.661329+00:00,network_metrics,134743044,TLSv1.3,2886799464,5.53,7.98,0.0,21.06,0.08,0,1.47,443.0,61211.0,81.81,5.59,0.3952380952380953,0.007812619211108568,0.9999999999999999
2024-12-08 05:48:31.413726+00:00,_result,8,2024-12-08 05:48:07.386820+00:00,2024-12-08 05:49:07.386820+00:00,2024-12-08 05:48:31.413726+00:00,network_metrics,134744072,DNS,2886796214,7.86,4.83,0.0,13.27,0.02,0,2.96,443.0,443.0,11.95,123.29,0.5,0.007812619211108568,0.0
2024-12-08 05:48:58.950680+00:00,_result,8,2024-12-08 05:48:07.386820+00:00,2024-12-08 05:49:07.386820+00:00,2024-12-08 05:48:58.950680+00:00,network_metrics,134744072,DNS,2886796214,67.3,29.07,0.0,94.81,0.0,0,3.07,61786.0,443.0,164.72,7.56,0.5,0.001266498817425803,0.0
2024-12-08 05:49:04.750607+00:00,_result,8,2024-12-08 05:48:07.386820+00:00,2024-12-08 05:49:07.386820+00:00,2024-12-08 05:49:04.750607+00:00,network_metrics,134744072,DNS,2886796214,47.49,45.5,0.0,77.37,0.02,0,0.97,443.0,443.0,78.91,14.14,0.5,0.007812619211108568,0.0
2024-12-08 05:48:12.214211+00:00,_result,9,2024-12-08 05:48:07.386820+00:00,2024-12-08 05:49:07.386820+00:00,2024-12-08 05:48:12.214211+00:00,network_metrics,134744072,DNS,2886799464,63.42,13.32,0.0,24.8,0.01,0,1.81,443.0,443.0,74.16,0.92,0.40487804878048783,0.007812619211108568,
2024-12-08 05:48:22.708702+00:00,_result,9,2024-12-08 05:48:07.386820+00:00,2024-12-08 05:49:07.386820+00:00,2024-12-08 05:48:22.708702+00:00,network_metrics,134744072,DNS,2886799464,5.53,15.79,0.0,41.49,0.01,0,0.93,61276.0,443.0,71.74,17.4,0.3952380952380953,0.004806591897459373,0.0
2024-12-08 05:49:05.600731+00:00,_result,9,2024-12-08 05:48:07.386820+00:00,2024-12-08 05:49:07.386820+00:00,2024-12-08 05:49:05.600731+00:00,network_metrics,134744072,DNS,2886799464,47.49,1.7,0.0,2.93,0.02,0,0.58,443.0,443.0,5.84,198.85,0.5,0.007812619211108568,0.0
2024-12-08 05:48:37.280505+00:00,_result,10,2024-12-08 05:48:07.386820+00:00,2024-12-08 05:49:07.386820+00:00,2024-12-08 05:48:37.280505+00:00,network_metrics,134744072,TCP,2886796214,0.83,18.63,0.0,82.14,0.01,0,1.45,443.0,61500.0,4.64,328.84,1.0,0.0052930288057030095,0.6363636363636364
2024-12-08 05:48:42.619855+00:00,_result,10,2024-12-08 05:48:07.386820+00:00,2024-12-08 05:49:07.386820+00:00,2024-12-08 05:48:42.619855+00:00,network_metrics,134744072,TCP,2886796214,0.04,16.5,0.0,40.54,0.0,0,3.26,443.0,61559.0,1.07,130.67,0.5247933884297521,0.007766842145418479,0.6086956521739131
2024-12-08 05:48:48.364341+00:00,_result,10,2024-12-08 05:48:07.386820+00:00,2024-12-08 05:49:07.386820+00:00,2024-12-08 05:48:48.364341+00:00,network_metrics,134744072,TCP,2886796214,0.22,17.12,0.0,84.58,0.0,0,1.8,443.0,61628.0,0.27,73.45,0.5,0.007812619211108568,0.6363636363636364
2024-12-08 05:48:53.320617+00:00,_result,10,2024-12-08 05:48:07.386820+00:00,2024-12-08 05:49:07.386820+00:00,2024-12-08 05:48:53.320617+00:00,network_metrics,134744072,TCP,2886796214,1.71,12.63,0.0,36.89,0.0,0,2.22,443.0,61669.0,0.45,0.67,0.5,0.007812619211108568,0.6818181818181818
2024-12-08 05:49:05.698964+00:00,_result,11,2024-12-08 05:48:07.386820+00:00,2024-12-08 05:49:07.386820+00:00,2024-12-08 05:49:05.698964+00:00,network_metrics,1729119888,TCP,2886799464,47.49,1.72,0.0,2.07,0.01,0,0.1,80.0,61861.0,5.12,0.94,0.5,0.9802395666437781,0.0
2024-12-08 05:48:12.916202+00:00,_result,12,2024-12-08 05:48:07.386820+00:00,2024-12-08 05:49:07.386820+00:00,2024-12-08 05:48:12.916202+00:00,network_metrics,1746010642,TCP,2886799464,63.42,9.22,0.0,21.5,0.01,0,0.11,443.0,61248.0,8.81,13.58,0.40487804878048783,0.9802395666437781,0.0
2024-12-08 05:48:23.243830+00:00,_result,12,2024-12-08 05:48:07.386820+00:00,2024-12-08 05:49:07.386820+00:00,2024-12-08 05:48:23.243830+00:00,network_metrics,1746010642,TCP,2886799464,5.53,0.59,0.0,0.45,0.0,0,0.04,443.0,61248.0,0.9,0.0,0.3952380952380953,0.00784313725490196,0.6818181818181818
2024-12-08 05:48:12.973827+00:00,_result,13,2024-12-08 05:48:07.386820+00:00,2024-12-08 05:49:07.386820+00:00,2024-12-08 05:48:12.973827+00:00,network_metrics,1746017427,TCP,2886799464,63.42,4.09,0.0,3.95,0.01,0,0.12,443.0,61257.0,11.03,12.63,0.40487804878048783,0.9802395666437781,0.0
2024-12-08 05:48:23.293770+00:00,_result,13,2024-12-08 05:48:07.386820+00:00,2024-12-08 05:49:07.386820+00:00,2024-12-08 05:48:23.293770+00:00,network_metrics,1746017427,TCP,2886799464,0.03,0.72,0.0,0.84,0.0,0,1.57,443.0,61257.0,0.28,0.0,0.3952380952380953,0.00784313725490196,0.6363636363636364
2024-12-08 05:48:13.093334+00:00,_result,14,2024-12-08 05:48:07.386820+00:00,2024-12-08 05:49:07.386820+00:00,2024-12-08 05:48:13.093334+00:00,network_metrics,1746017683,TCP,2886799464,63.42,8.08,0.0,20.38,0.01,0,0.25,443.0,61230.0,9.01,13.21,0.40487804878048783,0.9802395666437781,0.0
2024-12-08 05:48:32.558830+00:00,_result,14,2024-12-08 05:48:07.386820+00:00,2024-12-08 05:49:07.386820+00:00,2024-12-08 05:48:32.558830+00:00,network_metrics,1746017683,TCP,2886799464,7.86,20.55,0.0,50.07,0.01,0,5.61,443.0,61314.0,49.77,26.93,0.5,0.9802395666437781,0.0
2024-12-08 05:48:23.334478+00:00,_result,15,2024-12-08 05:48:07.386820+00:00,2024-12-08 05:49:07.386820+00:00,2024-12-08 05:48:23.334478+00:00,network_metrics,1746017683,TLSv1.3,2886799464,5.53,2.67,0.0,4.52,0.05,0,0.59,443.0,61230.0,2.01,2.47,0.3952380952380953,0.00784313725490196,0.9999999999999999
2024-12-08 05:48:31.683124+00:00,_result,16,2024-12-08 05:48:07.386820+00:00,2024-12-08 05:49:07.386820+00:00,2024-12-08 05:48:31.683124+00:00,network_metrics,1750515026,TCP,2886796214,7.86,5.4,0.0,9.94,0.01,0,0.04,80.0,61502.0,25.15,1.05,0.5,0.9802395666437781,0.0
2024-12-08 05:48:37.488534+00:00,_result,16,2024-12-08 05:48:07.386820+00:00,2024-12-08 05:49:07.386820+00:00,2024-12-08 05:48:37.488534+00:00,network_metrics,1750515026,TCP,2886796214,36.23,38.85,0.0,89.24,0.01,0,0.38,80.0,61541.0,220.99,0.86,1.0,0.9801893864064006,0.0
2024-12-08 05:48:48.742461+00:00,_result,16,2024-12-08 05:48:07.386820+00:00,2024-12-08 05:49:07.386820+00:00,2024-12-08 05:48:48.742461+00:00,network_metrics,1750515026,TCP,2886796214,4.46,3.06,0.0,2.45,0.0,0,0.03,80.0,61651.0,7.4,0.41,0.5,0.9802395666437781,0.0
2024-12-08 05:49:05.755864+00:00,_result,17,2024-12-08 05:48:07.386820+00:00,2024-12-08 05:49:07.386820+00:00,2024-12-08 05:49:05.755864+00:00,network_metrics,1751207104,TCP,2886799464,47.49,13.67,0.0,27.34,0.01,0,0.09,80.0,61846.0,62.44,1.16,0.5,0.9802395666437781,0.0
2024-12-08 05:48:48.851295+00:00,_result,18,2024-12-08 05:48:07.386820+00:00,2024-12-08 05:49:07.386820+00:00,2024-12-08 05:48:48.851295+00:00,network_metrics,1757934026,TCP,2886796214,4.46,41.31,0.0,47.24,0.0,0,0.75,443.0,61665.0,23.69,1.61,0.5,0.9802395666437781,0.0
2024-12-08 05:48:42.664954+00:00,_result,19,2024-12-08 05:48:07.386820+00:00,2024-12-08 05:49:07.386820+00:00,2024-12-08 05:48:42.664954+00:00,network_metrics,225126926,TCP,2886796214,9.47,18.14,0.0,38.46,0.01,0,2.13,443.0,61597.0,164.56,21.83,0.5247933884297521,0.9802395666437781,0.0
2024-12-08 05:48:48.404166+00:00,_result,19,2024-12-08 05:48:07.386820+00:00,2024-12-08 05:49:07.386820+00:00,2024-12-08 05:48:48.404166+00:00,network_metrics,225126926,TCP,2886796214,4.46,0.34,0.0,,0.0,0,0.0,443.0,61600.0,0.34,0.02,0.5,0.007858396276798657,0.6818181818181818
2024-12-08 05:48:53.367586+00:00,_result,19,2024-12-08 05:48:07.386820+00:00,2024-12-08 05:49:07.386820+00:00,2024-12-08 05:48:53.367586+00:00,network_metrics,225126926,TCP,2886796214,1.71,2.73,0.0,4.74,0.0,0,0.09,443.0,61716.0,3.77,13.08,0.5,0.9802395666437781,0.0
2024-12-08 05:48:59.009767+00:00,_result,19,2024-12-08 05:48:07.386820+00:00,2024-12-08 05:49:07.386820+00:00,2024-12-08 05:48:59.009767+00:00,network_metrics,225126926,TCP,2886796214,0.2,28.02,0.0,55.5,0.0,0,1.77,443.0,61716.0,0.22,10.55,0.5,0.00788891432059205,0.6363636363636364
2024-12-08 05:48:32.307414+00:00,_result,20,2024-12-08 05:48:07.386820+00:00,2024-12-08 05:49:07.386820+00:00,2024-12-08 05:48:32.307414+00:00,network_metrics,225126926,TCP,2886799464,0.62,0.15,0.0,0.08,0.01,0,0.0,443.0,60889.0,0.19,0.69,0.5,0.007827878233005264,0.6086956521739131
2024-12-08 05:48:12.314679+00:00,_result,21,2024-12-08 05:48:07.386820+00:00,2024-12-08 05:49:07.386820+00:00,2024-12-08 05:48:12.314679+00:00,network_metrics,225179184,TCP,2886799464,63.42,71.38,0.0,181.36,0.01,0,1.62,443.0,61220.0,8.63,24.65,0.40487804878048783,0.9802395666437781,0.0
2024-12-08 05:48:22.748427+00:00,_result,21,2024-12-08 05:48:07.386820+00:00,2024-12-08 05:49:07.386820+00:00,2024-12-08 05:48:22.748427+00:00,network_metrics,225179184,TCP,2886799464,5.53,0.51,0.0,0.43,0.0,0,0.04,443.0,61220.0,1.1,0.0,0.3952380952380953,0.0077515831235217825,0.6818181818181818
2024-12-08 05:48:59.093341+00:00,_result,22,2024-12-08 05:48:07.386820+00:00,2024-12-08 05:49:07.386820+00:00,2024-12-08 05:48:59.093341+00:00,network_metrics,225179194,TCP,2886796214,67.3,16.0,0.0,84.32,0.0,0,0.52,443.0,61786.0,2.78,4.78,0.5,0.9802395666437781,0.0
2024-12-08 05:49:04.799609+00:00,_result,22,2024-12-08 05:48:07.386820+00:00,2024-12-08 05:49:07.386820+00:00,2024-12-08 05:49:04.799609+00:00,network_metrics,225179194,TCP,2886796214,1.82,119.18,0.0,265.42,0.01,0,0.96,443.0,61786.0,0.99,0.31,0.5,0.06251621271076524,0.6363636363636364
2024-12-08 05:48:12.390183+00:00,_result,23,2024-12-08 05:48:07.386820+00:00,2024-12-08 05:49:07.386820+00:00,2024-12-08 05:48:12.390183+00:00,network_metrics,225179204,TCP,2886799464,0.48,3.25,0.0,2.87,0.0,0,2.96,443.0,61204.0,0.88,5.14,0.40487804878048783,0.007812619211108568,0.6363636363636364
2024-12-08 05:48:32.338958+00:00,_result,23,2024-12-08 05:48:07.386820+00:00,2024-12-08 05:49:07.386820+00:00,2024-12-08 05:48:32.338958+00:00,network_metrics,225179204,TCP,2886799464,7.86,17.13,0.0,52.23,0.01,0,4.23,443.0,61199.0,0.17,16.64,0.5,0.007812619211108568,0.6521739130434783
2024-12-08 05:48:22.797991+00:00,_result,24,2024-12-08 05:48:07.386820+00:00,2024-12-08 05:49:07.386820+00:00,2024-12-08 05:48:22.797991+00:00,network_metrics,225179204,TLSv1.3,2886799464,5.53,84.17,0.0,157.32,0.06,0,3.03,443.0,61199.0,8.13,5.47,0.3952380952380953,0.007812619211108568,0.9999999999999999
2024-12-08 05:48:48.932973+00:00,_result,25,2024-12-08 05:48:07.386820+00:00,2024-12-08 05:49:07.386820+00:00,2024-12-08 05:48:48.932973+00:00,network_metrics,2354213145,TCP,2886796214,4.46,7.28,0.0,4.72,0.0,0,0.28,443.0,61673.0,11.66,3.35,0.5,0.9802395666437781,0.0
2024-12-08 05:48:53.631206+00:00,_result,25,2024-12-08 05:48:07.386820+00:00,2024-12-08 05:49:07.386820+00:00,2024-12-08 05:48:53.631206+00:00,network_metrics,2354213145,TCP,2886796214,0.25,54.08,0.0,66.43,0.0,0,1.33,443.0,61673.0,0.27,2.22,0.5,0.007873655298695353,0.6363636363636364
2024-12-08 05:48:43.038511+00:00,_result,26,2024-12-08 05:48:07.386820+00:00,2024-12-08 05:49:07.386820+00:00,2024-12-08 05:48:43.038511+00:00,network_metrics,2398766862,TCP,2886796214,9.47,21.24,0.0,59.46,0.01,0,1.82,443.0,61606.0,7.6,22.15,0.5247933884297521,0.9802395666437781,0.0
2024-12-08 05:48:49.014222+00:00,_result,26,2024-12-08 05:48:07.386820+00:00,2024-12-08 05:49:07.386820+00:00,2024-12-08 05:48:49.014222+00:00,network_metrics,2398766862,TCP,2886796214,4.46,1.63,0.0,0.66,0.0,0,0.01,443.0,61606.0,1.16,0.04,0.5,0.007782101167315175,0.6818181818181818
2024-12-08 05:48:13.207378+00:00,_result,27,2024-12-08 05:48:07.386820+00:00,2024-12-08 05:49:07.386820+00:00,2024-12-08 05:48:13.207378+00:00,network_metrics,2398766882,QUIC,2886799464,63.42,5.45,0.0,7.44,0.67,0,0.91,443.0,443.0,18.85,44.7,0.40487804878048783,0.007812619211108568,0.0
2024-12-08 05:48:23.463107+00:00,_result,27,2024-12-08 05:48:07.386820+00:00,2024-12-08 05:49:07.386820+00:00,2024-12-08 05:48:23.463107+00:00,network_metrics,2398766882,QUIC,2886799464,5.53,153.72,0.0,305.7,0.55,0,1.9,61276.0,443.0,1.79,11.02,0.3952380952380953,0.004806591897459373,0.6818181818181818
2024-12-08 05:48:13.276616+00:00,_result,28,2024-12-08 05:48:07.386820+00:00,2024-12-08 05:49:07.386820+00:00,2024-12-08 05:48:13.276616+00:00,network_metrics,2398768162,QUIC,2886799464,63.42,24.8,0.0,33.9,0.67,0,1.89,443.0,443.0,48.77,13.4,0.40487804878048783,0.007812619211108568,
2024-12-08 05:48:13.331398+00:00,_result,29,2024-12-08 05:48:07.386820+00:00,2024-12-08 05:49:07.386820+00:00,2024-12-08 05:48:13.331398+00:00,network_metrics,2398795310,QUIC,2886799464,63.42,17.85,0.0,51.72,0.67,0,0.3,443.0,443.0,8.42,40.34,0.40487804878048783,0.007812619211108568,0.0
2024-12-08 05:48:23.541289+00:00,_result,29,2024-12-08 05:48:07.386820+00:00,2024-12-08 05:49:07.386820+00:00,2024-12-08 05:48:23.541289+00:00,network_metrics,2398795310,QUIC,2886799464,5.53,24.54,0.0,22.27,0.55,0,3.1,61276.0,443.0,44.06,16.54,0.3952380952380953,0.004806591897459373,0.6818181818181818
2024-12-08 05:48:13.379787+00:00,_result,30,2024-12-08 05:48:07.386820+00:00,2024-12-08 05:49:07.386820+00:00,2024-12-08 05:48:13.379787+00:00,network_metrics,2398795331,QUIC,2886799464,63.42,10.11,0.0,22.31,0.67,0,0.92,443.0,443.0,10.38,53.06,0.40487804878048783,0.007812619211108568,0.0
2024-12-08 05:48:23.707130+00:00,_result,30,2024-12-08 05:48:07.386820+00:00,2024-12-08 05:49:07.386820+00:00,2024-12-08 05:48:23.707130+00:00,network_metrics,2398795331,QUIC,2886799464,5.53,71.43,0.0,141.51,0.55,0,1.89,61276.0,443.0,1.61,11.02,0.3952380952380953,0.004806591897459373,0.6818181818181818
2024-12-08 05:48:32.596528+00:00,_result,30,2024-12-08 05:48:07.386820+00:00,2024-12-08 05:49:07.386820+00:00,2024-12-08 05:48:32.596528+00:00,network_metrics,2398795331,QUIC,2886799464,7.86,55.55,0.0,154.49,0.55,0,4.01,443.0,443.0,7.44,46.12,0.5,0.007812619211108568,0.0
2024-12-08 05:48:23.842972+00:00,_result,31,2024-12-08 05:48:07.386820+00:00,2024-12-08 05:49:07.386820+00:00,2024-12-08 05:48:23.842972+00:00,network_metrics,2398795395,TCP,2886799464,5.53,0.37,0.0,0.39,0.0,0,0.11,443.0,61193.0,0.65,0.0,0.3952380952380953,0.007812619211108568,0.6818181818181818
2024-12-08 05:48:59.405318+00:00,_result,32,2024-12-08 05:48:07.386820+00:00,2024-12-08 05:49:07.386820+00:00,2024-12-08 05:48:59.405318+00:00,network_metrics,2398795406,TCP,2886796214,67.3,1.68,0.0,1.75,0.0,0,0.17,443.0,61778.0,2.91,8.03,0.5,0.9802395666437781,0.0
2024-12-08 05:49:05.257591+00:00,_result,32,2024-12-08 05:48:07.386820+00:00,2024-12-08 05:49:07.386820+00:00,2024-12-08 05:49:05.257591+00:00,network_metrics,2398795406,TCP,2886796214,47.49,0.36,0.0,0.21,0.01,0,0.03,443.0,61778.0,0.51,0.12,0.5,0.007736324101625086,0.6818181818181818
2024-12-08 05:48:13.501076+00:00,_result,33,2024-12-08 05:48:07.386820+00:00,2024-12-08 05:49:07.386820+00:00,2024-12-08 05:48:13.501076+00:00,network_metrics,2398798250,TCP,2886799464,63.42,12.14,0.0,27.78,0.01,0,0.6,443.0,61239.0,24.67,21.13,0.40487804878048783,0.9802395666437781,0.0
2024-12-08 05:48:23.932665+00:00,_result,33,2024-12-08 05:48:07.386820+00:00,2024-12-08 05:49:07.386820+00:00,2024-12-08 05:48:23.932665+00:00,network_metrics,2398798250,TCP,2886799464,5.53,0.38,0.0,0.35,0.0,0,0.11,443.0,61239.0,0.63,0.0,0.3952380952380953,0.007812619211108568,0.6818181818181818
2024-12-08 05:48:53.696126+00:00,_result,34,2024-12-08 05:48:07.386820+00:00,2024-12-08 05:49:07.386820+00:00,2024-12-08 05:48:53.696126+00:00,network_metrics,2398798659,TCP,2886796214,1.71,0.92,0.0,0.83,0.0,0,0.16,443.0,61715.0,2.31,5.44,0.5,0.9802395666437781,0.0
2024-12-08 05:48:59.525832+00:00,_result,34,2024-12-08 05:48:07.386820+00:00,2024-12-08 05:49:07.386820+00:00,2024-12-08 05:48:59.525832+00:00,network_metrics,2398798659,TCP,2886796214,67.3,0.22,0.0,0.01,0.0,0,0.01,443.0,61715.0,0.21,0.0,0.5,0.007812619211108568,0.6818181818181818
2024-12-08 05:48:24.048783+00:00,_result,35,2024-12-08 05:48:07.386820+00:00,2024-12-08 05:49:07.386820+00:00,2024-12-08 05:48:24.048783+00:00,network_metrics,2398798670,TCP,2886799464,5.53,5.03,0.0,13.16,0.01,0,0.59,443.0,61274.0,26.72,24.77,0.3952380952380953,0.9802395666437781,0.0
2024-12-08 05:48:24.340528+00:00,_result,36,2024-12-08 05:48:07.386820+00:00,2024-12-08 05:49:07.386820+00:00,2024-12-08 05:48:24.340528+00:00,network_metrics,2398798721,TCP,2886799464,5.53,8.16,0.0,26.48,0.01,0,1.34,443.0,61264.0,3.1,17.1,0.3952380952380953,0.9802395666437781,0.0
2024-12-08 05:48:24.397041+00:00,_result,37,2024-12-08 05:48:07.386820+00:00,2024-12-08 05:49:07.386820+00:00,2024-12-08 05:48:24.397041+00:00,network_metrics,2398798762,TCP,2886799464,5.53,0.29,0.0,0.01,0.0,0,0.12,443.0,61191.0,0.29,0.0,0.3952380952380953,0.007812619211108568,0.6818181818181818
2024-12-08 05:48:13.557325+00:00,_result,38,2024-12-08 05:48:07.386820+00:00,2024-12-08 05:49:07.386820+00:00,2024-12-08 05:48:13.557325+00:00,network_metrics,2398816852,TCP,2886799464,63.42,6.3,0.0,18.74,0.01,0,1.19,443.0,61238.0,9.02,54.6,0.40487804878048783,0.9802395666437781,0.0
2024-12-08 05:48:24.498004+00:00,_result,39,2024-12-08 05:48:07.386820+00:00,2024-12-08 05:49:07.386820+00:00,2024-12-08 05:48:24.498004+00:00,network_metrics,2398816852,TLSv1,2886799464,5.53,27.32,0.0,86.31,0.8,0,3.59,443.0,61259.0,1.81,42.93,0.3952380952380953,0.007812619211108568,0.9999999999999999
2024-12-08 05:48:43.099168+00:00,_result,40,2024-12-08 05:48:07.386820+00:00,2024-12-08 05:49:07.386820+00:00,2024-12-08 05:48:43.099168+00:00,network_metrics,2398816956,TCP,2886796214,9.47,14.77,0.0,25.78,0.01,0,0.71,5228.0,61605.0,4.48,18.63,0.5247933884297521,0.9802395666437781,0.0
2024-12-08 05:48:49.057807+00:00,_result,40,2024-12-08 05:48:07.386820+00:00,2024-12-08 05:49:07.386820+00:00,2024-12-08 05:48:49.057807+00:00,network_metrics,2398816956,TCP,2886796214,4.46,13.69,0.0,22.1,0.1,1,0.15,5228.0,61605.0,0.33,3.76,0.5,0.007812619211108568,0.6363636363636364
2024-12-08 05:48:53.831015+00:00,_result,40,2024-12-08 05:48:07.386820+00:00,2024-12-08 05:49:07.386820+00:00,2024-12-08 05:48:53.831015+00:00,network_metrics,2398816956,TCP,2886796214,1.71,50.95,0.0,97.59,0.0,0,0.94,5228.0,61605.0,220.98,3.07,0.5,0.007812619211108568,0.6818181818181818
2024-12-08 05:48:13.686747+00:00,_result,41,2024-12-08 05:48:07.386820+00:00,2024-12-08 05:49:07.386820+00:00,2024-12-08 05:48:13.686747+00:00,network_metrics,2527795978,TCP,2886799464,63.42,37.39,0.0,96.0,0.01,0,1.8,443.0,61216.0,7.78,23.2,0.40487804878048783,0.9802395666437781,0.0
2024-12-08 05:48:24.707823+00:00,_result,41,2024-12-08 05:48:07.386820+00:00,2024-12-08 05:49:07.386820+00:00,2024-12-08 05:48:24.707823+00:00,network_metrics,2527795978,TCP,2886799464,5.53,0.24,0.0,0.18,0.0,0,0.03,443.0,61216.0,0.36,0.0,0.3952380952380953,0.007873655298695353,0.6818181818181818
2024-12-08 05:48:32.630312+00:00,_result,42,2024-12-08 05:48:07.386820+00:00,2024-12-08 05:49:07.386820+00:00,2024-12-08 05:48:32.630312+00:00,network_metrics,2562926156,TCP,2886799464,7.86,0.15,0.0,0.03,0.01,0,1.01,80.0,60227.0,0.17,0.12,0.5,0.007782101167315175,0.6086956521739131
2024-12-08 05:48:13.793833+00:00,_result,43,2024-12-08 05:48:07.386820+00:00,2024-12-08 05:49:07.386820+00:00,2024-12-08 05:48:13.793833+00:00,network_metrics,2728368145,QUIC,2886799464,63.42,36.91,0.0,41.62,0.67,0,0.91,443.0,443.0,61.14,26.8,0.40487804878048783,0.007812619211108568,
2024-12-08 05:48:24.773137+00:00,_result,43,2024-12-08 05:48:07.386820+00:00,2024-12-08 05:49:07.386820+00:00,2024-12-08 05:48:24.773137+00:00,network_metrics,2728368145,QUIC,2886799464,5.53,34.78,0.0,44.83,0.55,0,1.9,61276.0,443.0,3.08,11.02,0.3952380952380953,0.004806591897459373,
2024-12-08 05:48:13.910417+00:00,_result,44,2024-12-08 05:48:07.386820+00:00,2024-12-08 05:49:07.386820+00:00,2024-12-08 05:48:13.910417+00:00,network_metrics,2728368631,TCP,2886799464,63.42,11.31,0.0,37.47,0.01,0,1.32,443.0,61218.0,8.25,27.0,0.40487804878048783,0.9802395666437781,0.0
2024-12-08 05:48:24.846105+00:00,_result,44,2024-12-08 05:48:07.386820+00:00,2024-12-08 05:49:07.386820+00:00,2024-12-08 05:48:24.846105+00:00,network_metrics,2728368631,TCP,2886799464,5.53,0.29,0.0,0.28,0.0,0,0.12,443.0,61222.0,0.71,0.0,0.3952380952380953,0.007812619211108568,0.6818181818181818
2024-12-08 05:48:31.246208+00:00,_result,45,2024-12-08 05:48:07.386820+00:00,2024-12-08 05:49:07.386820+00:00,2024-12-08 05:48:31.246208+00:00,network_metrics,2886796214,DHCP,2886795265,7.86,4.61,0.0,3.23,0.13,0,0.01,443.0,443.0,6.9,2.66,0.5,0.007812619211108568,
2024-12-08 05:48:42.533330+00:00,_result,45,2024-12-08 05:48:07.386820+00:00,2024-12-08 05:49:07.386820+00:00,2024-12-08 05:48:42.533330+00:00,network_metrics,2886796214,DHCP,2886795265,9.47,73.94,0.0,,0.12,0,0.0,443.0,443.0,73.94,1.21,0.5247933884297521,0.015960936903944456,
2024-12-08 05:48:30.530827+00:00,_result,46,2024-12-08 05:48:07.386820+00:00,2024-12-08 05:49:07.386820+00:00,2024-12-08 05:48:30.530827+00:00,network_metrics,2886796214,DNS,134744072,7.86,2.59,0.0,5.52,0.05,0,2.93,443.0,443.0,27.47,195.42,0.22440944881889763,0.007812619211108568,0.6956521739130435
2024-12-08 05:48:36.943646+00:00,_result,46,2024-12-08 05:48:07.386820+00:00,2024-12-08 05:49:07.386820+00:00,2024-12-08 05:48:36.943646+00:00,network_metrics,2886796214,DNS,134744072,36.23,6.37,0.0,24.33,0.03,0,1.46,443.0,443.0,2.93,422.08,0.44881889763779526,0.0052930288057030095,0.9999999999999999
2024-12-08 05:48:58.364864+00:00,_result,46,2024-12-08 05:48:07.386820+00:00,2024-12-08 05:49:07.386820+00:00,2024-12-08 05:48:58.364864+00:00,network_metrics,2886796214,DNS,134744072,67.3,31.93,0.0,146.49,0.01,0,3.57,61786.0,443.0,33.69,24.53,0.22440944881889763,0.001266498817425803,0.7272727272727273
2024-12-08 05:49:03.815281+00:00,_result,46,2024-12-08 05:48:07.386820+00:00,2024-12-08 05:49:07.386820+00:00,2024-12-08 05:49:03.815281+00:00,network_metrics,2886796214,DNS,134744072,47.49,20.88,0.0,28.87,0.06,0,0.97,443.0,443.0,69.66,45.31,0.22440944881889763,0.007812619211108568,0.7272727272727273
2024-12-08 05:48:30.482241+00:00,_result,47,2024-12-08 05:48:07.386820+00:00,2024-12-08 05:49:07.386820+00:00,2024-12-08 05:48:30.482241+00:00,network_metrics,2886796214,TCP,134743044,7.87,1.14,0.0,2.75,0.01,0,1.24,61479.0,443.0,10.4,282.03,0.22440944881889763,1.0,0.6956521739130435
2024-12-08 05:48:52.842207+00:00,_result,47,2024-12-08 05:48:07.386820+00:00,2024-12-08 05:49:07.386820+00:00,2024-12-08 05:48:52.842207+00:00,network_metrics,2886796214,TCP,134743044,41.67,5.3,0.0,14.37,0.0,0,2.44,61629.0,443.0,0.0,20.93,0.22440944881889763,0.01599145494773785,0.6818181818181818
2024-12-08 05:48:58.328496+00:00,_result,47,2024-12-08 05:48:07.386820+00:00,2024-12-08 05:49:07.386820+00:00,2024-12-08 05:48:58.328496+00:00,network_metrics,2886796214,TCP,134743044,67.59,26.27,0.0,56.58,0.0,0,3.53,61710.0,443.0,0.0,12.97,0.22440944881889763,0.015915159838254367,0.6818181818181818
2024-12-08 05:49:03.697366+00:00,_result,47,2024-12-08 05:48:07.386820+00:00,2024-12-08 05:49:07.386820+00:00,2024-12-08 05:49:03.697366+00:00,network_metrics,2886796214,TCP,134743044,113.55,37.33,0.0,,0.01,0,0.0,61776.0,443.0,37.33,0.06,0.47244094488188976,0.01594567788204776,0.6818181818181818
2024-12-08 05:48:52.883927+00:00,_result,48,2024-12-08 05:48:07.386820+00:00,2024-12-08 05:49:07.386820+00:00,2024-12-08 05:48:52.883927+00:00,network_metrics,2886796214,TCP,134744072,41.61,11.79,0.0,23.31,0.0,0,2.22,61669.0,443.0,0.0,0.86,0.22440944881889763,0.015976195925841152,0.6818181818181818
2024-12-08 05:48:31.113692+00:00,_result,49,2024-12-08 05:48:07.386820+00:00,2024-12-08 05:49:07.386820+00:00,2024-12-08 05:48:31.113692+00:00,network_metrics,2886796214,TCP,1750515026,8.13,4.92,0.0,4.9,0.01,0,0.04,61502.0,80.0,4.51,1.15,0.2204724409448819,0.9802395666437781,0.6956521739130435
2024-12-08 05:48:37.194991+00:00,_result,49,2024-12-08 05:48:07.386820+00:00,2024-12-08 05:49:07.386820+00:00,2024-12-08 05:48:37.194991+00:00,network_metrics,2886796214,TCP,1750515026,36.43,105.79,0.0,79.53,0.01,0,0.38,61541.0,80.0,151.97,1.14,0.4409448818897638,0.9801893864064006,0.7272727272727273
2024-12-08 05:48:48.043181+00:00,_result,49,2024-12-08 05:48:07.386820+00:00,2024-12-08 05:49:07.386820+00:00,2024-12-08 05:48:48.043181+00:00,network_metrics,2886796214,TCP,1750515026,4.89,14.82,0.0,20.8,0.0,0,0.03,61651.0,80.0,44.22,0.47,0.2204724409448819,0.9802395666437781,0.7272727272727273
2024-12-08 05:48:48.103655+00:00,_result,50,2024-12-08 05:48:07.386820+00:00,2024-12-08 05:49:07.386820+00:00,2024-12-08 05:48:48.103655+00:00,network_metrics,2886796214,TCP,1757934026,30.48,49.11,0.0,70.97,0.0,0,0.58,61665.0,443.0,41.44,16.68,0.22440944881889763,0.3250171663996338,0.7272727272727273
2024-12-08 05:48:41.852125+00:00,_result,51,2024-12-08 05:48:07.386820+00:00,2024-12-08 05:49:07.386820+00:00,2024-12-08 05:48:41.852125+00:00,network_metrics,2886796214,TCP,225126926,72.85,36.91,0.0,83.5,0.01,0,2.01,61597.0,443.0,153.35,50.25,0.47520661157024796,1.0,0.6956521739130435
2024-12-08 05:48:47.714062+00:00,_result,51,2024-12-08 05:48:07.386820+00:00,2024-12-08 05:49:07.386820+00:00,2024-12-08 05:48:47.714062+00:00,network_metrics,2886796214,TCP,225126926,8.49,35.46,0.0,50.03,0.0,0,0.0,61600.0,443.0,70.84,0.04,0.4566929133858268,0.2500038147554742,0.6363636363636364
2024-12-08 05:48:52.927962+00:00,_result,51,2024-12-08 05:48:07.386820+00:00,2024-12-08 05:49:07.386820+00:00,2024-12-08 05:48:52.927962+00:00,network_metrics,2886796214,TCP,225126926,77.51,0.12,0.0,0.27,0.0,0,0.07,61716.0,443.0,0.31,7.79,0.452755905511811,1.0,0.7272727272727273
2024-12-08 05:48:58.400471+00:00,_result,51,2024-12-08 05:48:07.386820+00:00,2024-12-08 05:49:07.386820+00:00,2024-12-08 05:48:58.400471+00:00,network_metrics,2886796214,TCP,225126926,67.3,46.19,0.0,97.2,0.2,0,1.77,61716.0,443.0,114.4,5.11,0.4566929133858268,0.2500038147554742,0.6363636363636364
2024-12-08 05:48:58.435595+00:00,_result,52,2024-12-08 05:48:07.386820+00:00,2024-12-08 05:49:07.386820+00:00,2024-12-08 05:48:58.435595+00:00,network_metrics,2886796214,TCP,225179194,159.73,0.84,0.0,5.14,0.0,0,0.51,61786.0,443.0,34.88,1114.35,0.1889763779527559,0.6454566262302587,0.7272727272727273
2024-12-08 05:49:03.945366+00:00,_result,52,2024-12-08 05:48:07.386820+00:00,2024-12-08 05:49:07.386820+00:00,2024-12-08 05:49:03.945366+00:00,network_metrics,2886796214,TCP,225179194,47.49,0.3,0.0,1.84,0.73,0,0.96,61786.0,443.0,0.0,518.46,0.1889763779527559,0.001266498817425803,0.6363636363636364
2024-12-08 05:48:48.169216+00:00,_result,53,2024-12-08 05:48:07.386820+00:00,2024-12-08 05:49:07.386820+00:00,2024-12-08 05:48:48.169216+00:00,network_metrics,2886796214,TCP,2354213145,88.71,19.0,0.0,,0.0,0,0.0,61673.0,443.0,19.0,0.04,0.16535433070866143,1.0,0.7272727272727273
2024-12-08 05:48:42.424144+00:00,_result,54,2024-12-08 05:48:07.386820+00:00,2024-12-08 05:49:07.386820+00:00,2024-12-08 05:48:42.424144+00:00,network_metrics,2886796214,TCP,2398766862,11.8,39.88,0.0,73.2,0.01,0,1.79,61606.0,443.0,66.29,50.6,0.23553719008264462,1.0,0.6956521739130435
2024-12-08 05:48:48.233512+00:00,_result,54,2024-12-08 05:48:07.386820+00:00,2024-12-08 05:49:07.386820+00:00,2024-12-08 05:48:48.233512+00:00,network_metrics,2886796214,TCP,2398766862,7.89,0.09,0.0,0.0,0.0,0,1.58,61606.0,443.0,0.09,0.04,0.22440944881889763,0.015960936903944456,0.6363636363636364
2024-12-08 05:48:58.715683+00:00,_result,55,2024-12-08 05:48:07.386820+00:00,2024-12-08 05:49:07.386820+00:00,2024-12-08 05:48:58.715683+00:00,network_metrics,2886796214,TCP,2398795406,70.46,21.07,0.0,39.74,0.0,0,0.18,61778.0,443.0,25.12,12.88,0.22440944881889763,1.0,0.7272727272727273
2024-12-08 05:49:04.580887+00:00,_result,55,2024-12-08 05:48:07.386820+00:00,2024-12-08 05:49:07.386820+00:00,2024-12-08 05:49:04.580887+00:00,network_metrics,2886796214,TCP,2398795406,114.04,0.0,0.0,,0.01,0,0.0,61778.0,443.0,0.0,0.06,0.22440944881889763,0.0157778286411841,0.6818181818181818
2024-12-08 05:48:53.196971+00:00,_result,56,2024-12-08 05:48:07.386820+00:00,2024-12-08 05:49:07.386820+00:00,2024-12-08 05:48:53.196971+00:00,network_metrics,2886796214,TCP,2398798659,82.08,5.29,0.0,14.55,0.0,0,0.15,61715.0,443.0,50.8,10.44,0.22440944881889763,1.0,0.7272727272727273
2024-12-08 05:48:58.799352+00:00,_result,56,2024-12-08 05:48:07.386820+00:00,2024-12-08 05:49:07.386820+00:00,2024-12-08 05:48:58.799352+00:00,network_metrics,2886796214,TCP,2398798659,67.0,0.0,0.0,,0.0,0,0.0,61715.0,443.0,0.0,0.0,0.22440944881889763,0.015884641794460974,0.6818181818181818
2024-12-08 05:48:42.476385+00:00,_result,57,2024-12-08 05:48:07.386820+00:00,2024-12-08 05:49:07.386820+00:00,2024-12-08 05:48:42.476385+00:00,network_metrics,2886796214,TCP,2398816956,27.38,6.51,0.0,,0.01,0,0.0,61605.0,5228.0,6.51,0.1,0.49586776859504134,1.0,0.6956521739130435
2024-12-08 05:48:48.277770+00:00,_result,57,2024-12-08 05:48:07.386820+00:00,2024-12-08 05:49:07.386820+00:00,2024-12-08 05:48:48.277770+00:00,network_metrics,2886796214,TCP,2398816956,4.83,48.62,0.0,128.65,0.0,0,0.14,61605.0,5228.0,0.09,15.28,0.24015748031496065,0.0038910505836575876,0.6363636363636364
2024-12-08 05:48:53.251339+00:00,_result,57,2024-12-08 05:48:07.386820+00:00,2024-12-08 05:49:07.386820+00:00,2024-12-08 05:48:53.251339+00:00,network_metrics,2886796214,TCP,2398816956,1.71,5.31,0.0,18.39,0.0,0,0.48,61605.0,5228.0,63.71,12.26,0.22440944881889763,0.0,0.09090909090909091
2024-12-08 05:48:49.560736+00:00,_result,58,2024-12-08 05:48:07.386820+00:00,2024-12-08 05:49:07.386820+00:00,2024-12-08 05:48:49.560736+00:00,network_metrics,2886796214,TCP,2899937834,1000.0,49.67,0.0,81.91,0.0,0,0.36,61607.0,443.0,121.92,21.88,0.22440944881889763,1.0,0.7272727272727273
2024-12-08 05:48:54.413225+00:00,_result,58,2024-12-08 05:48:07.386820+00:00,2024-12-08 05:49:07.386820+00:00,2024-12-08 05:48:54.413225+00:00,network_metrics,2886796214,TCP,2899937834,42.2,19.1,0.0,,0.0,0,0.0,61610.0,443.0,19.1,0.02,0.22440944881889763,0.00413519493400473,0.6818181818181818
2024-12-08 05:48:54.492248+00:00,_result,59,2024-12-08 05:48:07.386820+00:00,2024-12-08 05:49:07.386820+00:00,2024-12-08 05:48:54.492248+00:00,network_metrics,2886796214,TCP,2899937929,53.24,0.31,0.01,2.47,0.0,0,0.18,61714.0,443.0,4.36,1303.7,0.22440944881889763,1.0,0.7272727272727273
2024-12-08 05:48:59.895642+00:00,_result,59,2024-12-08 05:48:07.386820+00:00,2024-12-08 05:49:07.386820+00:00,2024-12-08 05:48:59.895642+00:00,network_metrics,2886796214,TCP,2899937929,73.87,0.47,0.0,3.09,0.0,0,1.04,61714.0,443.0,6.96,82.27,0.22440944881889763,0.004913405050736248,0.6363636363636364
2024-12-08 05:48:54.633206+00:00,_result,60,2024-12-08 05:48:07.386820+00:00,2024-12-08 05:49:07.386820+00:00,2024-12-08 05:48:54.633206+00:00,network_metrics,2886796214,TCP,2899945352,56.4,4.83,0.0,10.89,0.0,0,0.1,61719.0,443.0,0.0,10.59,0.47244094488188976,1.0,0.7272727272727273
2024-12-08 05:48:59.984390+00:00,_result,60,2024-12-08 05:48:07.386820+00:00,2024-12-08 05:49:07.386820+00:00,2024-12-08 05:48:59.984390+00:00,network_metrics,2886796214,TCP,2899945352,80.03,7.37,0.0,10.43,0.0,0,1.7,61719.0,443.0,14.74,0.0,0.47244094488188976,0.015960936903944456,0.6363636363636364
2024-12-08 05:49:04.098160+00:00,_result,61,2024-12-08 05:48:07.386820+00:00,2024-12-08 05:49:07.386820+00:00,2024-12-08 05:49:04.098160+00:00,network_metrics,2886796214,TCP,348033575,154.01,70.35,0.0,113.01,0.01,0,0.25,61819.0,443.0,79.32,20.77,0.452755905511811,1.0,0.7272727272727273
2024-12-08 05:48:30.782261+00:00,_result,62,2024-12-08 05:48:07.386820+00:00,2024-12-08 05:49:07.386820+00:00,2024-12-08 05:48:30.782261+00:00,network_metrics,2886796214,TCP,348551055,18.16,8.94,0.0,13.38,0.01,0,1.38,54803.0,443.0,18.82,21.37,0.452755905511811,0.1250019073777371,0.6956521739130435
2024-12-08 05:48:32.888289+00:00,_result,63,2024-12-08 05:48:07.386820+00:00,2024-12-08 05:49:07.386820+00:00,2024-12-08 05:48:32.888289+00:00,network_metrics,2886796214,TCP,3625466364,10.16,8.23,0.0,8.72,0.01,0,0.97,61474.0,443.0,15.46,32.33,0.2125984251968504,1.0,0.6956521739130435
2024-12-08 05:48:30.894390+00:00,_result,64,2024-12-08 05:48:07.386820+00:00,2024-12-08 05:49:07.386820+00:00,2024-12-08 05:48:30.894390+00:00,network_metrics,2886796214,TCP,577494354,11.01,2.92,0.0,4.53,0.01,0,0.07,61509.0,80.0,2.35,3.77,0.47244094488188976,1.0,0.6956521739130435
2024-12-08 05:48:37.067032+00:00,_result,64,2024-12-08 05:48:07.386820+00:00,2024-12-08 05:49:07.386820+00:00,2024-12-08 05:48:37.067032+00:00,network_metrics,2886796214,TCP,577494354,36.23,0.19,0.0,,0.1,1,0.0,61509.0,80.0,0.19,1.0,0.9448818897637795,0.013553825207667245,0.9999999999999999
2024-12-08 05:48:58.487237+00:00,_result,64,2024-12-08 05:48:07.386820+00:00,2024-12-08 05:49:07.386820+00:00,2024-12-08 05:48:58.487237+00:00,network_metrics,2886796214,TCP,577494354,81.96,14.77,0.0,20.89,0.0,0,0.0,61510.0,80.0,29.55,0.03,0.47244094488188976,0.01606775005722133,0.6363636363636364
2024-12-08 05:48:41.936835+00:00,_result,65,2024-12-08 05:48:07.386820+00:00,2024-12-08 05:49:07.386820+00:00,2024-12-08 05:48:41.936835+00:00,network_metrics,2886796214,TCP,577499997,9.15,56.53,0.0,71.43,0.01,0,0.62,61577.0,443.0,76.15,8.61,0.23553719008264462,1.0,0.6956521739130435
2024-12-08 05:48:47.777281+00:00,_result,66,2024-12-08 05:48:07.386820+00:00,2024-12-08 05:49:07.386820+00:00,2024-12-08 05:48:47.777281+00:00,network_metrics,2886796214,TCP,599449622,8.34,30.18,0.0,110.21,0.0,0,0.16,61680.0,443.0,0.09,14.78,0.22440944881889763,1.0,0.7272727272727273
2024-12-08 05:48:58.526538+00:00,_result,66,2024-12-08 05:48:07.386820+00:00,2024-12-08 05:49:07.386820+00:00,2024-12-08 05:48:58.526538+00:00,network_metrics,2886796214,TCP,599449622,132.71,17.08,0.0,26.34,0.0,0,2.7,61733.0,443.0,47.79,13.29,0.47244094488188976,1.0,0.7272727272727273
2024-12-08 05:48:41.986671+00:00,_result,67,2024-12-08 05:48:07.386820+00:00,2024-12-08 05:49:07.386820+00:00,2024-12-08 05:48:41.986671+00:00,network_metrics,2886796214,TCP,599449624,16.8,17.17,0.0,48.35,0.01,0,1.8,61603.0,443.0,136.83,18.04,0.23553719008264462,1.0,0.6956521739130435
2024-12-08 05:48:53.029757+00:00,_result,67,2024-12-08 05:48:07.386820+00:00,2024-12-08 05:49:07.386820+00:00,2024-12-08 05:48:53.029757+00:00,network_metrics,2886796214,TCP,599449624,42.85,0.0,0.0,0.0,0.0,0,0.0,61603.0,443.0,0.0,0.03,0.22440944881889763,0.015960936903944456,0.6818181818181818
2024-12-08 05:49:04.284416+00:00,_result,67,2024-12-08 05:48:07.386820+00:00,2024-12-08 05:49:07.386820+00:00,2024-12-08 05:49:04.284416+00:00,network_metrics,2886796214,TCP,599449624,63.18,26.9,0.0,44.32,0.01,0,0.2,61809.0,443.0,0.0,24.45,0.47244094488188976,1.0,0.7272727272727273
2024-12-08 05:48:47.867685+00:00,_result,68,2024-12-08 05:48:07.386820+00:00,2024-12-08 05:49:07.386820+00:00,2024-12-08 05:48:47.867685+00:00,network_metrics,2886796214,TCP,599449640,4.33,25.83,0.0,42.93,0.0,0,0.48,61672.0,443.0,0.09,16.25,0.22440944881889763,1.0,0.7272727272727273
2024-12-08 05:48:58.567202+00:00,_result,68,2024-12-08 05:48:07.386820+00:00,2024-12-08 05:49:07.386820+00:00,2024-12-08 05:48:58.567202+00:00,network_metrics,2886796214,TCP,599449640,74.12,31.42,0.0,47.1,0.0,0,0.25,61729.0,443.0,25.98,6.52,0.22440944881889763,1.0,0.7272727272727273
2024-12-08 05:48:37.104247+00:00,_result,69,2024-12-08 05:48:07.386820+00:00,2024-12-08 05:49:07.386820+00:00,2024-12-08 05:48:37.104247+00:00,network_metrics,2886796214,TCP,600356467,96.14,0.19,0.0,,0.01,0,0.0,61562.0,443.0,0.19,0.11,0.44881889763779526,0.9801893864064006,0.7272727272727273
2024-12-08 05:48:47.916015+00:00,_result,69,2024-12-08 05:48:07.386820+00:00,2024-12-08 05:49:07.386820+00:00,2024-12-08 05:48:47.916015+00:00,network_metrics,2886796214,TCP,600356467,11.5,36.19,0.0,93.42,0.0,0,0.15,61677.0,443.0,0.09,10.81,0.22440944881889763,0.9802395666437781,0.7272727272727273
2024-12-08 05:48:58.633501+00:00,_result,69,2024-12-08 05:48:07.386820+00:00,2024-12-08 05:49:07.386820+00:00,2024-12-08 05:48:58.633501+00:00,network_metrics,2886796214,TCP,600356467,188.71,29.65,0.0,41.34,0.0,0,0.26,61749.0,443.0,41.28,8.22,0.22440944881889763,0.9802395666437781,0.7272727272727273
2024-12-08 05:49:04.329219+00:00,_result,69,2024-12-08 05:48:07.386820+00:00,2024-12-08 05:49:07.386820+00:00,2024-12-08 05:49:04.329219+00:00,network_metrics,2886796214,TCP,600356467,169.85,27.1,0.0,38.44,0.01,0,0.15,61812.0,443.0,87.48,30.91,0.22440944881889763,0.9802395666437781,0.7272727272727273
2024-12-08 05:48:37.152177+00:00,_result,70,2024-12-08 05:48:07.386820+00:00,2024-12-08 05:49:07.386820+00:00,2024-12-08 05:48:37.152177+00:00,network_metrics,2886796214,TCP,601878194,691.99,156.26,0.0,179.08,0.01,0,0.71,61537.0,443.0,351.77,0.21,0.44881889763779526,0.3233030947390965,0.7272727272727273
2024-12-08 05:48:47.950337+00:00,_result,70,2024-12-08 05:48:07.386820+00:00,2024-12-08 05:49:07.386820+00:00,2024-12-08 05:48:47.950337+00:00,network_metrics,2886796214,TCP,601878194,80.56,32.15,0.0,54.94,0.0,0,0.8,61639.0,443.0,0.09,6.7,0.22440944881889763,0.3250171663996338,0.7272727272727273
2024-12-08 05:48:53.108419+00:00,_result,70,2024-12-08 05:48:07.386820+00:00,2024-12-08 05:49:07.386820+00:00,2024-12-08 05:48:53.108419+00:00,network_metrics,2886796214,TCP,601878194,720.22,93.18,0.0,167.99,0.0,0,0.8,61696.0,443.0,266.76,5.37,0.22440944881889763,0.3250171663996338,0.7272727272727273
2024-12-08 05:49:04.380611+00:00,_result,70,2024-12-08 05:48:07.386820+00:00,2024-12-08 05:49:07.386820+00:00,2024-12-08 05:49:04.380611+00:00,network_metrics,2886796214,TCP,601878194,1000.0,30.67,0.0,,0.01,0,0.0,61537.0,443.0,30.67,0.12,0.22440944881889763,0.0024872205691615166,0.6363636363636364
2024-12-08 05:48:42.366177+00:00,_result,71,2024-12-08 05:48:07.386820+00:00,2024-12-08 05:49:07.386820+00:00,2024-12-08 05:48:42.366177+00:00,network_metrics,2886796214,TCP,915566499,145.17,153.09,0.0,183.53,0.01,0,2.45,61588.0,443.0,435.93,1.32,1.0,0.4102082856488899,0.6956521739130435
2024-12-08 05:48:37.000603+00:00,_result,72,2024-12-08 05:48:07.386820+00:00,2024-12-08 05:49:07.386820+00:00,2024-12-08 05:48:37.000603+00:00,network_metrics,2886796214,TLSv1.2,348551055,93.41,378.63,0.0,13.08,0.05,0,0.14,54803.0,443.0,387.87,1.33,0.905511811023622,0.11523810980740107,0.9999999999999999
2024-12-08 05:48:41.895957+00:00,_result,72,2024-12-08 05:48:07.386820+00:00,2024-12-08 05:49:07.386820+00:00,2024-12-08 05:48:41.895957+00:00,network_metrics,2886796214,TLSv1.2,348551055,21.02,15.98,0.0,,0.07,0,0.0,54803.0,443.0,15.98,0.73,0.47520661157024796,0.11221484702830549,0.9565217391304348
2024-12-08 05:48:47.995905+00:00,_result,73,2024-12-08 05:48:07.386820+00:00,2024-12-08 05:49:07.386820+00:00,2024-12-08 05:48:47.995905+00:00,network_metrics,2886796214,TLSv1.2,915566499,434.97,125.69,0.0,,0.1,0,0.0,61588.0,443.0,125.69,1.02,0.952755905511811,0.0018005645838101779,0.9999999999999999
2024-12-08 05:48:36.888877+00:00,_result,74,2024-12-08 05:48:07.386820+00:00,2024-12-08 05:49:07.386820+00:00,2024-12-08 05:48:36.888877+00:00,network_metrics,2886796214,TLSv1.3,134743044,42.28,7.5,0.0,27.12,0.42,0,1.44,61512.0,443.0,3.64,380.1,0.9448818897637795,0.013477336352093501,0.9999999999999999
2024-12-08 05:48:41.762285+00:00,_result,74,2024-12-08 05:48:07.386820+00:00,2024-12-08 05:49:07.386820+00:00,2024-12-08 05:48:41.762285+00:00,network_metrics,2886796214,TLSv1.3,134743044,9.15,4.35,0.0,26.86,0.12,0,3.28,61558.0,443.0,0.08,261.96,0.23553719008264462,0.015976195925841152,0.9565217391304348
2024-12-08 05:48:47.612836+00:00,_result,74,2024-12-08 05:48:07.386820+00:00,2024-12-08 05:49:07.386820+00:00,2024-12-08 05:48:47.612836+00:00,network_metrics,2886796214,TLSv1.3,134743044,7.6,7.12,0.0,30.37,0.01,0,2.03,61630.0,443.0,0.09,72.28,0.22440944881889763,0.01599145494773785,0.9999999999999999
2024-12-08 05:48:41.797854+00:00,_result,75,2024-12-08 05:48:07.386820+00:00,2024-12-08 05:49:07.386820+00:00,2024-12-08 05:48:41.797854+00:00,network_metrics,2886796214,TLSv1.3,134744072,6.99,4.96,0.0,16.55,0.39,0,3.28,61563.0,443.0,0.08,125.84,0.49586776859504134,0.015976195925841152,0.9565217391304348
2024-12-08 05:48:47.679368+00:00,_result,75,2024-12-08 05:48:07.386820+00:00,2024-12-08 05:49:07.386820+00:00,2024-12-08 05:48:47.679368+00:00,network_metrics,2886796214,TLSv1.3,134744072,7.49,11.24,0.0,35.67,0.05,0,1.84,61628.0,443.0,0.09,177.73,0.47244094488188976,0.01599145494773785,0.9999999999999999
2024-12-08 05:48:53.146094+00:00,_result,76,2024-12-08 05:48:07.386820+00:00,2024-12-08 05:49:07.386820+00:00,2024-12-08 05:48:53.146094+00:00,network_metrics,2886796214,TLSv1.3,2354213145,1000.0,58.23,0.0,93.95,0.21,0,1.16,61673.0,443.0,16.7,6.3,0.24015748031496065,0.0010376134889753567,0.9999999999999999
2024-12-08 05:48:52.975670+00:00,_result,77,2024-12-08 05:48:07.386820+00:00,2024-12-08 05:49:07.386820+00:00,2024-12-08 05:48:52.975670+00:00,network_metrics,2886796214,TLSv1.3,599449622,1.71,7.04,0.0,16.52,0.01,0,0.12,61680.0,443.0,14.0,8.8,0.22440944881889763,0.015503166247043565,0.9999999999999999
2024-12-08 05:48:47.827070+00:00,_result,78,2024-12-08 05:48:07.386820+00:00,2024-12-08 05:49:07.386820+00:00,2024-12-08 05:48:47.827070+00:00,network_metrics,2886796214,TLSv1.3,599449624,4.46,68.49,0.0,85.26,0.02,0,1.44,61603.0,443.0,0.09,9.04,0.22440944881889763,0.015960936903944456,0.9999999999999999
2024-12-08 05:48:53.075319+00:00,_result,79,2024-12-08 05:48:07.386820+00:00,2024-12-08 05:49:07.386820+00:00,2024-12-08 05:48:53.075319+00:00,network_metrics,2886796214,TLSv1.3,599449640,1.71,0.0,0.0,0.0,0.21,0,0.0,61672.0,443.0,0.0,4.95,0.22440944881889763,0.016037232013427938,0.9999999999999999
2024-12-08 05:48:42.215745+00:00,_result,80,2024-12-08 05:48:07.386820+00:00,2024-12-08 05:49:07.386820+00:00,2024-12-08 05:48:42.215745+00:00,network_metrics,2886796214,TLSv1.3,600356467,23.77,3.35,0.0,10.84,0.58,0,0.07,61562.0,443.0,0.08,24.06,0.2520661157024794,0.007644769970244907,0.9565217391304348
2024-12-08 05:48:42.279228+00:00,_result,81,2024-12-08 05:48:07.386820+00:00,2024-12-08 05:49:07.386820+00:00,2024-12-08 05:48:42.279228+00:00,network_metrics,2886796214,TLSv1.3,601878194,9.47,10.19,0.0,24.78,0.58,0,0.27,61537.0,443.0,0.08,14.74,0.2520661157024794,0.0024872205691615166,0.9565217391304348
2024-12-08 05:48:31.745086+00:00,_result,82,2024-12-08 05:48:07.386820+00:00,2024-12-08 05:49:07.386820+00:00,2024-12-08 05:48:31.745086+00:00,network_metrics,2886799359,NBNS,2886796214,7.86,40.34,0.0,73.28,0.03,0,2.31,443.0,443.0,71.11,3.62,0.5,0.007812619211108568,
2024-12-08 05:48:53.917291+00:00,_result,83,2024-12-08 05:48:07.386820+00:00,2024-12-08 05:49:07.386820+00:00,2024-12-08 05:48:53.917291+00:00,network_metrics,2886799359,UDP,2886796214,1.71,86.68,0.0,,0.01,0,0.0,61714.0,443.0,86.68,0.06,0.5,0.004654001678492409,
2024-12-08 05:49:05.449053+00:00,_result,84,2024-12-08 05:48:07.386820+00:00,2024-12-08 05:49:07.386820+00:00,2024-12-08 05:49:05.449053+00:00,network_metrics,2886799464,DHCP,2886799361,47.49,15.22,0.0,12.89,0.15,0,0.04,443.0,443.0,24.33,3.09,0.5,0.007812619211108568,
2024-12-08 05:49:03.745987+00:00,_result,85,2024-12-08 05:48:07.386820+00:00,2024-12-08 05:49:07.386820+00:00,2024-12-08 05:49:03.745987+00:00,network_metrics,2886799464,DNS,134743044,47.49,0.99,0.0,5.87,0.06,0,0.95,443.0,443.0,61.49,351.75,0.48425196850393704,0.007812619211108568,0.7272727272727273
2024-12-08 05:48:10.887124+00:00,_result,86,2024-12-08 05:48:07.386820+00:00,2024-12-08 05:49:07.386820+00:00,2024-12-08 05:48:10.887124+00:00,network_metrics,2886799464,DNS,134744072,63.42,6.66,0.0,18.82,0.06,0,1.82,443.0,443.0,0.01,6.08,0.3853658536585366,0.007812619211108568,
2024-12-08 05:48:19.123249+00:00,_result,86,2024-12-08 05:48:07.386820+00:00,2024-12-08 05:49:07.386820+00:00,2024-12-08 05:48:19.123249+00:00,network_metrics,2886799464,DNS,134744072,5.53,9.38,0.0,18.15,0.04,0,0.9,61276.0,443.0,59.95,36.08,0.3761904761904762,0.004806591897459373,0.7272727272727273
2024-12-08 05:49:03.893862+00:00,_result,86,2024-12-08 05:48:07.386820+00:00,2024-12-08 05:49:07.386820+00:00,2024-12-08 05:49:03.893862+00:00,network_metrics,2886799464,DNS,134744072,47.49,1.35,0.0,5.05,0.1,0,0.58,443.0,443.0,41.33,573.41,0.48425196850393704,0.007812619211108568,0.7272727272727273
2024-12-08 05:48:19.648075+00:00,_result,87,2024-12-08 05:48:07.386820+00:00,2024-12-08 05:49:07.386820+00:00,2024-12-08 05:48:19.648075+00:00,network_metrics,2886799464,TCP,1249757372,285.46,123.94,0.0,,0.01,0,0.0,56842.0,5228.0,123.94,0.05,0.3761904761904762,0.015976195925841152,0.6363636363636364
2024-12-08 05:48:10.845136+00:00,_result,88,2024-12-08 05:48:07.386820+00:00,2024-12-08 05:49:07.386820+00:00,2024-12-08 05:48:10.845136+00:00,network_metrics,2886799464,TCP,134743044,156.83,13.78,0.0,40.89,0.01,0,2.4,61211.0,443.0,245.8,158.57,0.3853658536585366,1.0,0.7272727272727273
2024-12-08 05:48:19.062514+00:00,_result,88,2024-12-08 05:48:07.386820+00:00,2024-12-08 05:49:07.386820+00:00,2024-12-08 05:48:19.062514+00:00,network_metrics,2886799464,TCP,134743044,7.98,8.16,0.0,15.43,0.0,0,1.45,61211.0,443.0,35.25,17.02,0.3761904761904762,0.01585412375066758,0.6363636363636364
2024-12-08 05:49:04.420385+00:00,_result,89,2024-12-08 05:48:07.386820+00:00,2024-12-08 05:49:07.386820+00:00,2024-12-08 05:49:04.420385+00:00,network_metrics,2886799464,TCP,1729119888,91.77,0.71,0.0,1.33,0.01,0,0.11,61861.0,80.0,0.1,1.33,0.22440944881889763,0.9802395666437781,0.7272727272727273
2024-12-08 05:48:11.415530+00:00,_result,90,2024-12-08 05:48:07.386820+00:00,2024-12-08 05:49:07.386820+00:00,2024-12-08 05:48:11.415530+00:00,network_metrics,2886799464,TCP,1746010642,99.7,29.14,0.0,57.5,0.01,0,0.13,61248.0,443.0,15.46,38.42,0.06829268292682925,1.0,0.7272727272727273
2024-12-08 05:48:19.749943+00:00,_result,90,2024-12-08 05:48:07.386820+00:00,2024-12-08 05:49:07.386820+00:00,2024-12-08 05:48:19.749943+00:00,network_metrics,2886799464,TCP,1746010642,15.41,0.0,0.0,,0.0,0,0.0,61248.0,443.0,0.0,0.0,0.06666666666666665,0.0001373311970702678,0.6818181818181818
2024-12-08 05:48:11.492182+00:00,_result,91,2024-12-08 05:48:07.386820+00:00,2024-12-08 05:49:07.386820+00:00,2024-12-08 05:48:11.492182+00:00,network_metrics,2886799464,TCP,1746017427,115.65,54.35,0.0,55.1,0.01,0,0.09,61257.0,443.0,86.84,21.59,0.06829268292682925,1.0,0.7272727272727273
2024-12-08 05:48:11.579969+00:00,_result,92,2024-12-08 05:48:07.386820+00:00,2024-12-08 05:49:07.386820+00:00,2024-12-08 05:48:11.579969+00:00,network_metrics,2886799464,TCP,1746017683,250.37,2.81,0.0,15.6,0.01,0,0.2,61230.0,443.0,11.5,614.66,0.06829268292682925,1.0,0.7272727272727273
2024-12-08 05:48:20.342556+00:00,_result,92,2024-12-08 05:48:07.386820+00:00,2024-12-08 05:49:07.386820+00:00,2024-12-08 05:48:20.342556+00:00,network_metrics,2886799464,TCP,1746017683,13.78,5.16,0.0,12.9,0.0,0,0.55,61230.0,443.0,0.32,25.07,0.06666666666666665,0.0001373311970702678,0.6363636363636364
2024-12-08 05:48:31.066909+00:00,_result,92,2024-12-08 05:48:07.386820+00:00,2024-12-08 05:49:07.386820+00:00,2024-12-08 05:48:31.066909+00:00,network_metrics,2886799464,TCP,1746017683,825.43,5.18,0.0,14.96,0.01,0,4.18,61314.0,443.0,0.0,91.52,0.2283464566929134,1.0,0.6956521739130435
2024-12-08 05:49:04.488170+00:00,_result,93,2024-12-08 05:48:07.386820+00:00,2024-12-08 05:49:07.386820+00:00,2024-12-08 05:49:04.488170+00:00,network_metrics,2886799464,TCP,1751207104,171.39,14.85,0.0,15.4,0.01,0,0.09,61846.0,80.0,15.05,1.33,0.23228346456692914,0.9802395666437781,0.7272727272727273
2024-12-08 05:48:10.948259+00:00,_result,94,2024-12-08 05:48:07.386820+00:00,2024-12-08 05:49:07.386820+00:00,2024-12-08 05:48:10.948259+00:00,network_metrics,2886799464,TCP,225179184,95.82,14.2,0.0,42.35,0.01,0,1.59,61220.0,443.0,84.97,196.07,0.039024390243902446,0.6454566262302587,0.7272727272727273
2024-12-08 05:48:19.216032+00:00,_result,94,2024-12-08 05:48:07.386820+00:00,2024-12-08 05:49:07.386820+00:00,2024-12-08 05:48:19.216032+00:00,network_metrics,2886799464,TCP,225179184,15.78,0.0,0.0,0.0,0.0,0,0.0,61220.0,443.0,0.0,0.0,0.038095238095238126,0.001266498817425803,0.6818181818181818
2024-12-08 05:48:19.272257+00:00,_result,95,2024-12-08 05:48:07.386820+00:00,2024-12-08 05:49:07.386820+00:00,2024-12-08 05:48:19.272257+00:00,network_metrics,2886799464,TCP,225179204,9.78,3.3,0.0,15.24,0.63,0,3.0,61199.0,443.0,48.5,323.15,0.038095238095238126,0.001266498817425803,0.6363636363636364
2024-12-08 05:48:30.615113+00:00,_result,95,2024-12-08 05:48:07.386820+00:00,2024-12-08 05:49:07.386820+00:00,2024-12-08 05:48:30.615113+00:00,network_metrics,2886799464,TCP,225179204,7.86,5.29,0.0,15.98,0.01,0,4.73,61199.0,443.0,0.0,284.03,0.2047244094488189,0.001266498817425803,0.6086956521739131
2024-12-08 05:48:11.677381+00:00,_result,96,2024-12-08 05:48:07.386820+00:00,2024-12-08 05:49:07.386820+00:00,2024-12-08 05:48:11.677381+00:00,network_metrics,2886799464,TCP,2398766882,149.01,17.95,0.0,42.25,0.01,0,0.2,61232.0,443.0,0.01,39.06,0.3853658536585366,1.0,0.7272727272727273
2024-12-08 05:48:21.740523+00:00,_result,96,2024-12-08 05:48:07.386820+00:00,2024-12-08 05:49:07.386820+00:00,2024-12-08 05:48:21.740523+00:00,network_metrics,2886799464,TCP,2398766882,51.56,0.0,0.0,,0.0,0,0.0,61232.0,443.0,0.0,0.0,0.3761904761904762,0.015915159838254367,0.6818181818181818
2024-12-08 05:48:11.722889+00:00,_result,97,2024-12-08 05:48:07.386820+00:00,2024-12-08 05:49:07.386820+00:00,2024-12-08 05:48:11.722889+00:00,network_metrics,2886799464,TCP,2398795310,52.79,17.23,0.0,42.5,0.01,0,0.19,61250.0,443.0,15.47,55.2,0.3853658536585366,1.0,0.7272727272727273
2024-12-08 05:48:21.826982+00:00,_result,97,2024-12-08 05:48:07.386820+00:00,2024-12-08 05:49:07.386820+00:00,2024-12-08 05:48:21.826982+00:00,network_metrics,2886799464,TCP,2398795310,49.39,0.0,0.0,,0.0,0,0.0,61250.0,443.0,0.0,0.0,0.3761904761904762,0.015976195925841152,0.6818181818181818
2024-12-08 05:48:11.778669+00:00,_result,98,2024-12-08 05:48:07.386820+00:00,2024-12-08 05:49:07.386820+00:00,2024-12-08 05:48:11.778669+00:00,network_metrics,2886799464,TCP,2398795331,73.14,18.42,0.0,38.06,0.01,0,0.21,61234.0,443.0,0.01,43.7,0.3853658536585366,1.0,0.7272727272727273
2024-12-08 05:48:21.994318+00:00,_result,98,2024-12-08 05:48:07.386820+00:00,2024-12-08 05:49:07.386820+00:00,2024-12-08 05:48:21.994318+00:00,network_metrics,2886799464,TCP,2398795331,51.83,0.0,0.0,,0.0,0,0.0,61234.0,443.0,0.0,0.0,0.3761904761904762,0.015915159838254367,0.6818181818181818
2024-12-08 05:48:31.163189+00:00,_result,98,2024-12-08 05:48:07.386820+00:00,2024-12-08 05:49:07.386820+00:00,2024-12-08 05:48:31.163189+00:00,network_metrics,2886799464,TCP,2398795331,7.6,7.62,0.0,11.13,0.01,0,0.15,61338.0,443.0,13.27,30.4,0.48425196850393704,1.0,0.6956521739130435
2024-12-08 05:48:22.063327+00:00,_result,99,2024-12-08 05:48:07.386820+00:00,2024-12-08 05:49:07.386820+00:00,2024-12-08 05:48:22.063327+00:00,network_metrics,2886799464,TCP,2398795395,51.31,0.0,0.0,,0.0,0,0.0,61193.0,443.0,0.0,0.0,0.3761904761904762,0.015960936903944456,0.6818181818181818
2024-12-08 05:48:11.830635+00:00,_result,100,2024-12-08 05:48:07.386820+00:00,2024-12-08 05:49:07.386820+00:00,2024-12-08 05:48:11.830635+00:00,network_metrics,2886799464,TCP,2398798250,64.71,8.83,0.0,25.69,0.01,0,0.59,61239.0,443.0,0.01,40.16,0.3853658536585366,1.0,0.7272727272727273
2024-12-08 05:48:22.136290+00:00,_result,100,2024-12-08 05:48:07.386820+00:00,2024-12-08 05:49:07.386820+00:00,2024-12-08 05:48:22.136290+00:00,network_metrics,2886799464,TCP,2398798250,50.33,0.0,0.0,,0.0,0,0.0,61239.0,443.0,0.0,0.0,0.3761904761904762,0.01594567788204776,0.6818181818181818
2024-12-08 05:48:22.196350+00:00,_result,101,2024-12-08 05:48:07.386820+00:00,2024-12-08 05:49:07.386820+00:00,2024-12-08 05:48:22.196350+00:00,network_metrics,2886799464,TCP,2398798670,8.94,7.76,0.0,17.98,0.01,0,0.57,61274.0,443.0,0.0,45.34,0.3761904761904762,1.0,0.7272727272727273
2024-12-08 05:48:22.315689+00:00,_result,102,2024-12-08 05:48:07.386820+00:00,2024-12-08 05:49:07.386820+00:00,2024-12-08 05:48:22.315689+00:00,network_metrics,2886799464,TCP,2398798721,6.27,4.81,0.0,11.29,0.01,0,1.32,61264.0,443.0,0.0,57.56,0.3761904761904762,1.0,0.7272727272727273
2024-12-08 05:48:22.363362+00:00,_result,103,2024-12-08 05:48:07.386820+00:00,2024-12-08 05:49:07.386820+00:00,2024-12-08 05:48:22.363362+00:00,network_metrics,2886799464,TCP,2398798762,51.92,0.0,0.0,,0.0,0,0.0,61191.0,443.0,0.0,0.0,0.3761904761904762,0.015976195925841152,0.6818181818181818
2024-12-08 05:48:11.899028+00:00,_result,104,2024-12-08 05:48:07.386820+00:00,2024-12-08 05:49:07.386820+00:00,2024-12-08 05:48:11.899028+00:00,network_metrics,2886799464,TCP,2398816852,194.19,12.51,0.0,38.18,0.01,0,1.14,61238.0,443.0,0.01,580.16,0.3853658536585366,1.0,0.7272727272727273
2024-12-08 05:48:11.946185+00:00,_result,105,2024-12-08 05:48:07.386820+00:00,2024-12-08 05:49:07.386820+00:00,2024-12-08 05:48:11.946185+00:00,network_metrics,2886799464,TCP,2527795978,233.63,16.54,0.0,67.93,0.01,0,1.68,61216.0,443.0,364.55,136.61,0.375609756097561,1.0,0.7272727272727273
2024-12-08 05:48:22.497635+00:00,_result,105,2024-12-08 05:48:07.386820+00:00,2024-12-08 05:49:07.386820+00:00,2024-12-08 05:48:22.497635+00:00,network_metrics,2886799464,TCP,2527795978,14.49,0.0,0.0,0.0,0.0,0,0.0,61216.0,443.0,0.0,0.0,0.37142857142857144,0.24997329671168078,0.6363636363636364
2024-12-08 05:48:31.198849+00:00,_result,106,2024-12-08 05:48:07.386820+00:00,2024-12-08 05:49:07.386820+00:00,2024-12-08 05:48:31.198849+00:00,network_metrics,2886799464,TCP,2562926156,948.29,0.0,0.0,0.0,0.01,0,0.0,60227.0,80.0,0.0,0.21,0.20866141732283466,0.001998931868467231,0.6086956521739131
2024-12-08 05:48:12.102277+00:00,_result,107,2024-12-08 05:48:07.386820+00:00,2024-12-08 05:49:07.386820+00:00,2024-12-08 05:48:12.102277+00:00,network_metrics,2886799464,TCP,2728368631,667.02,31.69,0.0,53.47,0.01,0,1.13,61218.0,443.0,97.09,90.9,0.06829268292682925,1.0,0.7272727272727273
2024-12-08 05:48:22.556989+00:00,_result,107,2024-12-08 05:48:07.386820+00:00,2024-12-08 05:49:07.386820+00:00,2024-12-08 05:48:22.556989+00:00,network_metrics,2886799464,TCP,2728368631,52.84,0.0,0.0,0.0,0.0,0,0.0,61222.0,443.0,0.0,0.0,0.06666666666666665,0.0001373311970702678,0.6818181818181818
2024-12-08 05:48:25.699125+00:00,_result,108,2024-12-08 05:48:07.386820+00:00,2024-12-08 05:49:07.386820+00:00,2024-12-08 05:48:25.699125+00:00,network_metrics,2886799464,TCP,2899937834,6.82,3.05,0.0,29.74,0.01,0,3.03,61276.0,443.0,5.93,2651.71,0.3761904761904762,1.0,0.7272727272727273
2024-12-08 05:48:32.850311+00:00,_result,108,2024-12-08 05:48:07.386820+00:00,2024-12-08 05:49:07.386820+00:00,2024-12-08 05:48:32.850311+00:00,network_metrics,2886799464,TCP,2899937834,7.86,3.07,0.0,11.96,0.63,0,1.72,61276.0,443.0,13.9,235.61,0.48425196850393704,0.004806591897459373,0.6086956521739131
2024-12-08 05:48:14.303857+00:00,_result,109,2024-12-08 05:48:07.386820+00:00,2024-12-08 05:49:07.386820+00:00,2024-12-08 05:48:14.303857+00:00,network_metrics,2886799464,TCP,2899943556,50.23,13.55,0.0,24.17,0.01,0,0.08,61256.0,443.0,61.17,37.71,0.3853658536585366,1.0,0.7272727272727273
2024-12-08 05:48:25.752467+00:00,_result,109,2024-12-08 05:48:07.386820+00:00,2024-12-08 05:49:07.386820+00:00,2024-12-08 05:48:25.752467+00:00,network_metrics,2886799464,TCP,2899943556,51.17,0.0,0.0,,0.0,0,0.0,61256.0,443.0,0.0,0.0,0.3761904761904762,0.015976195925841152,0.6818181818181818
2024-12-08 05:48:11.102909+00:00,_result,110,2024-12-08 05:48:07.386820+00:00,2024-12-08 05:49:07.386820+00:00,2024-12-08 05:48:11.102909+00:00,network_metrics,2886799464,TCP,312604176,315.22,62.81,0.0,,0.0,0,0.0,61203.0,443.0,62.81,0.0,1.0,0.002212558175020981,0.6363636363636364
2024-12-08 05:48:19.334122+00:00,_result,110,2024-12-08 05:48:07.386820+00:00,2024-12-08 05:49:07.386820+00:00,2024-12-08 05:48:19.334122+00:00,network_metrics,2886799464,TCP,312604176,14.8,0.0,0.0,0.0,0.0,0,0.0,61203.0,443.0,0.0,0.0,0.9761904761904764,0.002212558175020981,0.6818181818181818
2024-12-08 05:48:11.179403+00:00,_result,111,2024-12-08 05:48:07.386820+00:00,2024-12-08 05:49:07.386820+00:00,2024-12-08 05:48:11.179403+00:00,network_metrics,2886799464,TCP,343555968,979.26,40.98,0.0,51.28,0.01,0,0.22,61246.0,443.0,77.24,0.13,0.0,0.9802395666437781,0.7272727272727273
2024-12-08 05:48:30.654734+00:00,_result,111,2024-12-08 05:48:07.386820+00:00,2024-12-08 05:49:07.386820+00:00,2024-12-08 05:48:30.654734+00:00,network_metrics,2886799464,TCP,343555968,161.12,4.75,0.0,,0.01,0,0.0,61246.0,443.0,4.75,0.05,0.1732283464566929,0.007644769970244907,0.6521739130434783
2024-12-08 05:49:04.179802+00:00,_result,112,2024-12-08 05:48:07.386820+00:00,2024-12-08 05:49:07.386820+00:00,2024-12-08 05:49:04.179802+00:00,network_metrics,2886799464,TCP,348550996,47.49,0.54,0.0,,0.01,0,0.0,54802.0,443.0,0.54,0.06,0.452755905511811,0.0,0.8181818181818182
2024-12-08 05:48:11.236422+00:00,_result,113,2024-12-08 05:48:07.386820+00:00,2024-12-08 05:49:07.386820+00:00,2024-12-08 05:48:11.236422+00:00,network_metrics,2886799464,TCP,348971199,193.87,13.24,0.0,31.54,0.01,0,0.34,61226.0,443.0,110.1,180.05,0.02439024390243902,0.9802395666437781,0.7272727272727273
2024-12-08 05:48:19.532709+00:00,_result,113,2024-12-08 05:48:07.386820+00:00,2024-12-08 05:49:07.386820+00:00,2024-12-08 05:48:19.532709+00:00,network_metrics,2886799464,TCP,348971199,52.04,0.35,0.0,0.6,0.0,0,2.87,61226.0,443.0,0.0,0.11,0.023809523809523808,0.007644769970244907,0.6818181818181818
2024-12-08 05:49:06.022159+00:00,_result,114,2024-12-08 05:48:07.386820+00:00,2024-12-08 05:49:07.386820+00:00,2024-12-08 05:49:06.022159+00:00,network_metrics,2886799464,TCP,3625466364,145.28,1.83,0.0,3.77,0.01,0,0.16,61849.0,443.0,0.0,29.55,0.2283464566929134,1.0,0.7272727272727273
2024-12-08 05:48:14.369964+00:00,_result,115,2024-12-08 05:48:07.386820+00:00,2024-12-08 05:49:07.386820+00:00,2024-12-08 05:48:14.369964+00:00,network_metrics,2886799464,TCP,3639551157,65.43,9.16,0.0,13.94,0.0,0,0.07,61196.0,443.0,21.97,1.3,0.3853658536585366,0.015808346684977492,0.6363636363636364
2024-12-08 05:48:25.791535+00:00,_result,115,2024-12-08 05:48:07.386820+00:00,2024-12-08 05:49:07.386820+00:00,2024-12-08 05:48:25.791535+00:00,network_metrics,2886799464,TCP,3639551157,49.75,0.0,0.0,0.0,0.0,0,2.85,61196.0,443.0,0.0,0.16,0.3761904761904762,0.015762569619287403,0.6818181818181818
2024-12-08 05:48:18.997873+00:00,_result,116,2024-12-08 05:48:07.386820+00:00,2024-12-08 05:49:07.386820+00:00,2024-12-08 05:48:18.997873+00:00,network_metrics,2886799464,TCP,56129226,102.54,9.41,0.0,25.96,0.01,0,1.22,61262.0,443.0,28.88,31.45,0.9476190476190477,0.4102082856488899,0.7272727272727273
2024-12-08 05:49:04.234364+00:00,_result,117,2024-12-08 05:48:07.386820+00:00,2024-12-08 05:49:07.386820+00:00,2024-12-08 05:49:04.234364+00:00,network_metrics,2886799464,TCP,577494354,58.57,2.03,0.0,2.94,0.01,0,0.04,61851.0,80.0,0.21,4.38,0.4763779527559055,1.0,0.7272727272727273
2024-12-08 05:48:11.292305+00:00,_result,118,2024-12-08 05:48:07.386820+00:00,2024-12-08 05:49:07.386820+00:00,2024-12-08 05:48:11.292305+00:00,network_metrics,2886799464,TCP,599449640,102.38,160.51,0.0,,0.0,0,0.0,56312.0,443.0,160.51,0.0,0.3853658536585366,0.016037232013427938,0.6363636363636364
2024-12-08 05:48:30.938614+00:00,_result,118,2024-12-08 05:48:07.386820+00:00,2024-12-08 05:49:07.386820+00:00,2024-12-08 05:48:30.938614+00:00,network_metrics,2886799464,TCP,599449640,395.97,3.53,0.0,7.3,0.01,0,0.02,56319.0,443.0,2.96,0.96,0.48425196850393704,0.015930418860151063,0.6086956521739131
2024-12-08 05:48:11.380613+00:00,_result,119,2024-12-08 05:48:07.386820+00:00,2024-12-08 05:49:07.386820+00:00,2024-12-08 05:48:11.380613+00:00,network_metrics,2886799464,TCP,600356467,183.73,24.77,0.0,57.28,0.01,0,0.34,61214.0,443.0,7.69,31.69,0.06829268292682925,0.9967193102922103,0.7272727272727273
2024-12-08 05:48:19.592938+00:00,_result,119,2024-12-08 05:48:07.386820+00:00,2024-12-08 05:49:07.386820+00:00,2024-12-08 05:48:19.592938+00:00,network_metrics,2886799464,TCP,600356467,477.36,0.0,0.0,0.0,0.01,0,0.56,61293.0,443.0,0.0,36.99,0.07142857142857145,0.9967193102922103,0.7272727272727273
2024-12-08 05:48:30.981106+00:00,_result,119,2024-12-08 05:48:07.386820+00:00,2024-12-08 05:49:07.386820+00:00,2024-12-08 05:48:30.981106+00:00,network_metrics,2886799464,TCP,600356467,7.86,0.0,0.0,0.0,0.63,1,0.61,61293.0,443.0,0.0,9.38,0.23228346456692914,0.007736324101625086,0.6086956521739131
2024-12-08 05:48:31.025036+00:00,_result,120,2024-12-08 05:48:07.386820+00:00,2024-12-08 05:49:07.386820+00:00,2024-12-08 05:48:31.025036+00:00,network_metrics,2886799464,TCP,601878194,221.45,1.74,0.0,5.47,0.01,0,5.36,56857.0,443.0,0.11,8.39,0.2283464566929134,0.0024872205691615166,0.6086956521739131
2024-12-08 05:48:30.581119+00:00,_result,121,2024-12-08 05:48:07.386820+00:00,2024-12-08 05:49:07.386820+00:00,2024-12-08 05:48:30.581119+00:00,network_metrics,2886799464,TLSv1.2,225126926,7.86,9.05,0.0,20.23,0.03,0,0.05,60889.0,443.0,0.0,0.88,0.47244094488188976,0.2500038147554742,0.9565217391304348
2024-12-08 05:48:19.427970+00:00,_result,122,2024-12-08 05:48:07.386820+00:00,2024-12-08 05:49:07.386820+00:00,2024-12-08 05:48:19.427970+00:00,network_metrics,2886799464,TLSv1.2,343555968,137.25,8.1,0.0,22.48,0.65,0,4.4,61246.0,443.0,96.43,55.36,0.08095238095238094,0.007644769970244907,0.6363636363636364
2024-12-08 05:48:30.429672+00:00,_result,123,2024-12-08 05:48:07.386820+00:00,2024-12-08 05:49:07.386820+00:00,2024-12-08 05:48:30.429672+00:00,network_metrics,2886799464,TLSv1.2,56129226,131.98,1.66,0.0,2.34,0.02,0,0.0,61262.0,443.0,3.31,0.24,0.9566929133858267,0.004486152437628748,0.9565217391304348
2024-12-08 05:48:19.876801+00:00,_result,124,2024-12-08 05:48:07.386820+00:00,2024-12-08 05:49:07.386820+00:00,2024-12-08 05:48:19.876801+00:00,network_metrics,2886799464,TLSv1.3,1746017427,20.81,3.12,0.0,6.76,0.01,0,1.57,61257.0,443.0,3.71,19.26,0.06666666666666665,0.0001373311970702678,0.9999999999999999
2024-12-08 05:48:11.012159+00:00,_result,125,2024-12-08 05:48:07.386820+00:00,2024-12-08 05:49:07.386820+00:00,2024-12-08 05:48:11.012159+00:00,network_metrics,2886799464,TLSv1.3,225179204,63.42,19.43,0.0,51.99,0.49,0,2.96,61204.0,443.0,0.01,25.03,0.039024390243902446,0.001266498817425803,0.9999999999999999
2024-12-08 05:48:22.425635+00:00,_result,126,2024-12-08 05:48:07.386820+00:00,2024-12-08 05:49:07.386820+00:00,2024-12-08 05:48:22.425635+00:00,network_metrics,2886799464,TLSv1.3,2398816852,22.33,11.76,0.0,38.13,0.63,0,1.52,61259.0,443.0,27.04,133.5,0.08095238095238094,0.015976195925841152,0.9999999999999999
2024-12-08 05:48:30.850550+00:00,_result,127,2024-12-08 05:48:07.386820+00:00,2024-12-08 05:49:07.386820+00:00,2024-12-08 05:48:30.850550+00:00,network_metrics,2886799464,TLSv1.3,348971199,873.61,0.0,0.0,0.0,0.63,0,0.64,61307.0,443.0,0.0,42.47,0.24015748031496065,0.007644769970244907,0.9565217391304348
2024-12-08 05:48:32.940263+00:00,_result,128,2024-12-08 05:48:07.386820+00:00,2024-12-08 05:49:07.386820+00:00,2024-12-08 05:48:32.940263+00:00,network_metrics,2886799464,TLSv1.3,3639551157,263.56,8.04,0.0,26.94,0.63,0,1.69,61308.0,443.0,14.71,89.14,0.24015748031496065,0.01599145494773785,0.9565217391304348
2024-12-08 05:49:05.810870+00:00,_result,129,2024-12-08 05:48:07.386820+00:00,2024-12-08 05:49:07.386820+00:00,2024-12-08 05:49:05.810870+00:00,network_metrics,2886803455,NBNS,2886799464,47.49,90.84,0.0,160.25,0.04,0,1.59,443.0,443.0,39.46,2.8,0.5,0.007812619211108568,
2024-12-08 05:48:13.990214+00:00,_result,130,2024-12-08 05:48:07.386820+00:00,2024-12-08 05:49:07.386820+00:00,2024-12-08 05:48:13.990214+00:00,network_metrics,2886803455,UDP,2886799464,63.42,14.6,0.0,,0.02,0,0.0,443.0,443.0,14.6,0.17,0.40487804878048783,0.007812619211108568,
2024-12-08 05:48:43.145705+00:00,_result,131,2024-12-08 05:48:07.386820+00:00,2024-12-08 05:49:07.386820+00:00,2024-12-08 05:48:43.145705+00:00,network_metrics,2899937834,TCP,2886796214,9.47,95.29,0.0,34.57,0.01,0,0.21,443.0,61607.0,119.73,0.19,0.5247933884297521,0.9802395666437781,0.0
2024-12-08 05:48:49.118133+00:00,_result,131,2024-12-08 05:48:07.386820+00:00,2024-12-08 05:49:07.386820+00:00,2024-12-08 05:48:49.118133+00:00,network_metrics,2899937834,TCP,2886796214,4.46,15.23,0.0,43.38,0.0,1,0.35,443.0,61607.0,180.86,14.94,0.5,0.9802395666437781,0.0
2024-12-08 05:48:53.964747+00:00,_result,131,2024-12-08 05:48:07.386820+00:00,2024-12-08 05:49:07.386820+00:00,2024-12-08 05:48:53.964747+00:00,network_metrics,2899937834,TCP,2886796214,1.71,27.05,0.0,38.01,0.0,0,0.02,443.0,61610.0,53.93,0.03,0.5,0.007827878233005264,0.6818181818181818
2024-12-08 05:48:24.903058+00:00,_result,132,2024-12-08 05:48:07.386820+00:00,2024-12-08 05:49:07.386820+00:00,2024-12-08 05:48:24.903058+00:00,network_metrics,2899937834,TCP,2886799464,5.53,3.08,0.0,9.91,0.01,0,3.04,443.0,61276.0,36.31,34.24,0.3952380952380953,0.9802395666437781,0.0
2024-12-08 05:48:32.659480+00:00,_result,132,2024-12-08 05:48:07.386820+00:00,2024-12-08 05:49:07.386820+00:00,2024-12-08 05:48:32.659480+00:00,network_metrics,2899937834,TCP,2886799464,0.15,4.63,0.0,12.46,0.01,0,6.14,443.0,61276.0,0.02,26.28,0.5,0.0157778286411841,0.6086956521739131
2024-12-08 05:48:59.605283+00:00,_result,133,2024-12-08 05:48:07.386820+00:00,2024-12-08 05:49:07.386820+00:00,2024-12-08 05:48:59.605283+00:00,network_metrics,2899937929,QUIC,2886796214,67.3,67.54,0.0,129.27,0.17,0,4.0,61786.0,443.0,13.26,16.62,0.5,0.001266498817425803,0.9999999999999999
2024-12-08 05:48:54.015127+00:00,_result,134,2024-12-08 05:48:07.386820+00:00,2024-12-08 05:49:07.386820+00:00,2024-12-08 05:48:54.015127+00:00,network_metrics,2899937929,TCP,2886796214,1.71,0.58,0.0,1.21,0.0,0,0.2,443.0,61714.0,1.25,9.75,0.5,0.9802395666437781,0.0
2024-12-08 05:48:14.044382+00:00,_result,135,2024-12-08 05:48:07.386820+00:00,2024-12-08 05:49:07.386820+00:00,2024-12-08 05:48:14.044382+00:00,network_metrics,2899943556,QUIC,2886799464,63.42,6.85,0.0,12.44,0.67,0,0.09,443.0,443.0,46.99,33.27,0.40487804878048783,0.007812619211108568,0.0
2024-12-08 05:48:25.012416+00:00,_result,135,2024-12-08 05:48:07.386820+00:00,2024-12-08 05:49:07.386820+00:00,2024-12-08 05:48:25.012416+00:00,network_metrics,2899943556,QUIC,2886799464,5.53,54.9,0.0,93.54,0.55,0,3.71,61276.0,443.0,38.45,22.05,0.3952380952380953,0.004806591897459373,0.6818181818181818
2024-12-08 05:48:54.099632+00:00,_result,136,2024-12-08 05:48:07.386820+00:00,2024-12-08 05:49:07.386820+00:00,2024-12-08 05:48:54.099632+00:00,network_metrics,2899945352,TCP,2886796214,1.71,1.54,0.0,1.15,0.0,0,0.12,443.0,61719.0,2.0,3.85,0.5,0.9802395666437781,0.0
2024-12-08 05:48:59.649581+00:00,_result,136,2024-12-08 05:48:07.386820+00:00,2024-12-08 05:49:07.386820+00:00,2024-12-08 05:48:59.649581+00:00,network_metrics,2899945352,TCP,2886796214,67.3,0.46,0.0,0.13,0.0,0,0.01,443.0,61719.0,0.55,0.0,0.5,0.0077515831235217825,0.6818181818181818
2024-12-08 05:48:22.844010+00:00,_result,137,2024-12-08 05:48:07.386820+00:00,2024-12-08 05:49:07.386820+00:00,2024-12-08 05:48:22.844010+00:00,network_metrics,312604176,TCP,2886799464,5.53,0.48,0.0,0.45,0.0,0,0.03,443.0,61203.0,0.62,0.0,0.3952380952380953,0.00788891432059205,0.6818181818181818
2024-12-08 05:48:31.823696+00:00,_result,138,2024-12-08 05:48:07.386820+00:00,2024-12-08 05:49:07.386820+00:00,2024-12-08 05:48:31.823696+00:00,network_metrics,3232236280,DNS,2886796214,7.86,0.78,0.0,0.32,0.02,0,2.19,443.0,443.0,1.0,0.57,0.5,0.007812619211108568,
2024-12-08 05:48:12.530072+00:00,_result,139,2024-12-08 05:48:07.386820+00:00,2024-12-08 05:49:07.386820+00:00,2024-12-08 05:48:12.530072+00:00,network_metrics,343555968,TCP,2886799464,63.42,33.2,0.0,71.25,0.01,0,0.49,443.0,61246.0,7.26,19.29,0.40487804878048783,0.9802395666437781,0.0
2024-12-08 05:48:22.907249+00:00,_result,139,2024-12-08 05:48:07.386820+00:00,2024-12-08 05:49:07.386820+00:00,2024-12-08 05:48:22.907249+00:00,network_metrics,343555968,TCP,2886799464,0.26,83.66,0.0,225.34,0.0,0,3.83,443.0,61246.0,1.59,23.8,0.3952380952380953,0.00788891432059205,0.6363636363636364
2024-12-08 05:48:32.375318+00:00,_result,139,2024-12-08 05:48:07.386820+00:00,2024-12-08 05:49:07.386820+00:00,2024-12-08 05:48:32.375318+00:00,network_metrics,343555968,TCP,2886799464,7.86,0.18,0.0,0.16,0.01,0,0.28,443.0,61246.0,0.29,0.11,0.5,0.007827878233005264,0.6521739130434783
2024-12-08 05:49:04.864124+00:00,_result,140,2024-12-08 05:48:07.386820+00:00,2024-12-08 05:49:07.386820+00:00,2024-12-08 05:49:04.864124+00:00,network_metrics,348033575,TCP,2886796214,47.49,70.48,0.0,94.54,0.01,0,0.35,443.0,61819.0,13.02,2.7,0.5,0.9802395666437781,0.0
2024-12-08 05:48:31.497094+00:00,_result,141,2024-12-08 05:48:07.386820+00:00,2024-12-08 05:49:07.386820+00:00,2024-12-08 05:48:31.497094+00:00,network_metrics,348551055,TCP,2886796214,7.86,8.72,0.0,17.52,0.01,0,1.41,443.0,54803.0,0.34,9.93,0.5,0.9802395666437781,0.0
2024-12-08 05:48:37.328182+00:00,_result,142,2024-12-08 05:48:07.386820+00:00,2024-12-08 05:49:07.386820+00:00,2024-12-08 05:48:37.328182+00:00,network_metrics,348551055,TLSv1.2,2886796214,36.23,441.53,0.0,187.37,0.1,0,0.29,443.0,54803.0,636.91,2.28,1.0,0.005338922119047256,0.9999999999999999
2024-12-08 05:48:42.715327+00:00,_result,142,2024-12-08 05:48:07.386820+00:00,2024-12-08 05:49:07.386820+00:00,2024-12-08 05:48:42.715327+00:00,network_metrics,348551055,TLSv1.2,2886796214,9.47,0.22,0.0,0.02,0.04,0,0.11,443.0,54803.0,0.24,0.49,0.5247933884297521,0.00784313725490196,0.9565217391304348
2024-12-08 05:48:12.701327+00:00,_result,143,2024-12-08 05:48:07.386820+00:00,2024-12-08 05:49:07.386820+00:00,2024-12-08 05:48:12.701327+00:00,network_metrics,348971199,TCP,2886799464,63.42,12.89,0.0,42.13,0.01,0,0.39,443.0,61226.0,6.0,25.75,0.40487804878048783,0.9802395666437781,0.0
2024-12-08 05:48:22.996610+00:00,_result,143,2024-12-08 05:48:07.386820+00:00,2024-12-08 05:49:07.386820+00:00,2024-12-08 05:48:22.996610+00:00,network_metrics,348971199,TCP,2886799464,5.53,83.18,0.0,169.22,0.0,0,2.98,443.0,61226.0,0.78,0.11,0.3952380952380953,0.007797360189211872,0.6818181818181818
2024-12-08 05:48:32.402087+00:00,_result,143,2024-12-08 05:48:07.386820+00:00,2024-12-08 05:49:07.386820+00:00,2024-12-08 05:48:32.402087+00:00,network_metrics,348971199,TCP,2886799464,0.15,12.43,0.0,57.88,0.01,0,2.08,443.0,61307.0,0.06,37.97,0.5,0.007858396276798657,0.6086956521739131
2024-12-08 05:48:31.878761+00:00,_result,144,2024-12-08 05:48:07.386820+00:00,2024-12-08 05:49:07.386820+00:00,2024-12-08 05:48:31.878761+00:00,network_metrics,3625466364,TCP,2886796214,7.86,5.56,0.0,10.31,0.01,0,0.99,443.0,61474.0,30.97,5.8,0.5,0.9802395666437781,0.0
2024-12-08 05:49:05.864217+00:00,_result,145,2024-12-08 05:48:07.386820+00:00,2024-12-08 05:49:07.386820+00:00,2024-12-08 05:49:05.864217+00:00,network_metrics,3625466364,TCP,2886799464,47.49,2.23,0.0,3.26,0.01,0,0.1,443.0,61849.0,5.7,6.62,0.5,0.9802395666437781,0.0
2024-12-08 05:48:14.124598+00:00,_result,146,2024-12-08 05:48:07.386820+00:00,2024-12-08 05:49:07.386820+00:00,2024-12-08 05:48:14.124598+00:00,network_metrics,3639551157,QUIC,2886799464,63.42,20.37,0.0,24.31,0.67,0,1.88,443.0,443.0,7.66,21.67,0.40487804878048783,0.007812619211108568,0.9999999999999999
2024-12-08 05:48:25.067271+00:00,_result,147,2024-12-08 05:48:07.386820+00:00,2024-12-08 05:49:07.386820+00:00,2024-12-08 05:48:25.067271+00:00,network_metrics,3639551157,TCP,2886799464,5.53,2.07,0.0,2.28,0.0,0,2.96,443.0,61196.0,1.13,16.14,0.3952380952380953,0.007812619211108568,0.6818181818181818
2024-12-08 05:48:32.691108+00:00,_result,147,2024-12-08 05:48:07.386820+00:00,2024-12-08 05:49:07.386820+00:00,2024-12-08 05:48:32.691108+00:00,network_metrics,3639551157,TCP,2886799464,0.13,35.39,0.0,92.04,0.01,0,1.69,443.0,61308.0,0.1,24.24,0.5,0.007812619211108568,0.6086956521739131
2024-12-08 05:48:32.014465+00:00,_result,148,2024-12-08 05:48:07.386820+00:00,2024-12-08 05:49:07.386820+00:00,2024-12-08 05:48:32.014465+00:00,network_metrics,3758096406,IGMPv3,2886796214,7.86,2.5,0.0,4.59,0.01,0,0.37,443.0,443.0,0.37,0.32,0.0,0.007812619211108568,
2024-12-08 05:48:37.532953+00:00,_result,148,2024-12-08 05:48:07.386820+00:00,2024-12-08 05:49:07.386820+00:00,2024-12-08 05:48:37.532953+00:00,network_metrics,3758096406,IGMPv3,2886796214,36.23,1.78,0.0,0.31,0.01,0,0.01,443.0,443.0,1.56,0.11,0.0,0.0052930288057030095,
2024-12-08 05:48:43.197643+00:00,_result,148,2024-12-08 05:48:07.386820+00:00,2024-12-08 05:49:07.386820+00:00,2024-12-08 05:48:43.197643+00:00,network_metrics,3758096406,IGMPv3,2886796214,9.47,2.79,0.0,2.64,0.0,0,2.99,443.0,443.0,7.78,0.47,0.0,0.015960936903944456,
2024-12-08 05:48:49.177684+00:00,_result,148,2024-12-08 05:48:07.386820+00:00,2024-12-08 05:49:07.386820+00:00,2024-12-08 05:48:49.177684+00:00,network_metrics,3758096406,IGMPv3,2886796214,4.46,5.42,0.0,6.36,0.0,0,0.39,443.0,443.0,0.7,0.06,0.0,0.007812619211108568,
2024-12-08 05:49:05.309278+00:00,_result,148,2024-12-08 05:48:07.386820+00:00,2024-12-08 05:49:07.386820+00:00,2024-12-08 05:49:05.309278+00:00,network_metrics,3758096406,IGMPv3,2886796214,47.49,0.39,0.0,,0.01,0,0.0,443.0,443.0,0.39,0.14,0.0,0.007812619211108568,
2024-12-08 05:48:32.730670+00:00,_result,149,2024-12-08 05:48:07.386820+00:00,2024-12-08 05:49:07.386820+00:00,2024-12-08 05:48:32.730670+00:00,network_metrics,3758096406,IGMPv3,2886799464,7.86,0.27,0.0,0.05,0.01,0,0.51,443.0,443.0,0.31,0.25,0.0,0.007812619211108568,
2024-12-08 05:49:05.897369+00:00,_result,149,2024-12-08 05:48:07.386820+00:00,2024-12-08 05:49:07.386820+00:00,2024-12-08 05:49:05.897369+00:00,network_metrics,3758096406,IGMPv3,2886799464,47.49,0.2,0.0,0.05,0.01,0,1.0,443.0,443.0,0.17,0.25,0.0,0.007812619211108568,
2024-12-08 05:49:04.631469+00:00,_result,150,2024-12-08 05:48:07.386820+00:00,2024-12-08 05:49:07.386820+00:00,2024-12-08 05:49:04.631469+00:00,network_metrics,3758096635,MDNS,2886795806,47.49,26.09,0.0,36.9,0.1,0,0.0,443.0,443.0,52.19,1.25,0.0,0.007812619211108568,
2024-12-08 05:48:32.094833+00:00,_result,151,2024-12-08 05:48:07.386820+00:00,2024-12-08 05:49:07.386820+00:00,2024-12-08 05:48:32.094833+00:00,network_metrics,3758096635,MDNS,2886796214,7.86,2.53,0.0,3.17,0.02,0,0.43,443.0,443.0,0.28,0.35,0.0,0.007812619211108568,
2024-12-08 05:48:37.566631+00:00,_result,151,2024-12-08 05:48:07.386820+00:00,2024-12-08 05:49:07.386820+00:00,2024-12-08 05:48:37.566631+00:00,network_metrics,3758096635,MDNS,2886796214,36.23,269.34,0.0,365.67,0.02,0,0.52,443.0,443.0,36.66,0.69,0.0,0.0052930288057030095,
2024-12-08 05:48:43.232254+00:00,_result,151,2024-12-08 05:48:07.386820+00:00,2024-12-08 05:49:07.386820+00:00,2024-12-08 05:48:43.232254+00:00,network_metrics,3758096635,MDNS,2886796214,9.47,54.4,0.0,112.01,0.02,0,2.98,443.0,443.0,7.99,2.04,0.0,0.015960936903944456,
2024-12-08 05:48:49.306910+00:00,_result,151,2024-12-08 05:48:07.386820+00:00,2024-12-08 05:49:07.386820+00:00,2024-12-08 05:48:49.306910+00:00,network_metrics,3758096635,MDNS,2886796214,4.46,54.37,0.0,79.1,0.01,0,1.08,443.0,443.0,128.29,0.79,0.0,0.007812619211108568,
2024-12-08 05:48:54.202991+00:00,_result,151,2024-12-08 05:48:07.386820+00:00,2024-12-08 05:49:07.386820+00:00,2024-12-08 05:48:54.202991+00:00,network_metrics,3758096635,MDNS,2886796214,1.71,25.58,0.0,49.78,0.01,0,0.0,61714.0,443.0,100.23,0.23,0.0,0.004654001678492409,
2024-12-08 05:48:59.693147+00:00,_result,151,2024-12-08 05:48:07.386820+00:00,2024-12-08 05:49:07.386820+00:00,2024-12-08 05:48:59.693147+00:00,network_metrics,3758096635,MDNS,2886796214,67.3,56.74,0.0,143.95,0.0,0,3.03,61786.0,443.0,1.13,0.47,0.0,0.001266498817425803,
2024-12-08 05:48:54.329485+00:00,_result,152,2024-12-08 05:48:07.386820+00:00,2024-12-08 05:49:07.386820+00:00,2024-12-08 05:48:54.329485+00:00,network_metrics,3758096635,MDNS,2886796558,1.71,500.0,0.0,707.11,0.01,0,1.02,61714.0,443.0,1000.0,0.22,1.0,0.004654001678492409,
2024-12-08 05:48:59.780403+00:00,_result,152,2024-12-08 05:48:07.386820+00:00,2024-12-08 05:49:07.386820+00:00,2024-12-08 05:48:59.780403+00:00,network_metrics,3758096635,MDNS,2886796558,67.3,30.81,0.0,43.71,0.01,0,5.42,61786.0,443.0,109.89,0.39,1.0,0.001266498817425803,
2024-12-08 05:49:05.351714+00:00,_result,152,2024-12-08 05:48:07.386820+00:00,2024-12-08 05:49:07.386820+00:00,2024-12-08 05:49:05.351714+00:00,network_metrics,3758096635,MDNS,2886796558,47.49,77.68,0.0,110.06,0.04,0,0.35,443.0,443.0,203.62,0.91,1.0,0.007812619211108568,
2024-12-08 05:49:05.934357+00:00,_result,153,2024-12-08 05:48:07.386820+00:00,2024-12-08 05:49:07.386820+00:00,2024-12-08 05:49:05.934357+00:00,network_metrics,3758096635,MDNS,2886799464,47.49,136.22,0.0,193.99,0.02,0,0.41,443.0,443.0,416.98,1.2,0.0,0.007812619211108568,
2024-12-08 05:48:25.545291+00:00,_result,154,2024-12-08 05:48:07.386820+00:00,2024-12-08 05:49:07.386820+00:00,2024-12-08 05:48:25.545291+00:00,network_metrics,3758096635,MDNS,2886802089,5.53,119.38,0.0,,0.02,0,0.0,61276.0,443.0,119.38,0.22,1.0,0.004806591897459373,
2024-12-08 05:48:32.147044+00:00,_result,155,2024-12-08 05:48:07.386820+00:00,2024-12-08 05:49:07.386820+00:00,2024-12-08 05:48:32.147044+00:00,network_metrics,3758096636,LLMNR,2886796214,7.86,0.27,0.0,0.06,0.01,0,0.41,443.0,443.0,0.22,0.29,0.0,0.007812619211108568,
2024-12-08 05:48:43.274108+00:00,_result,155,2024-12-08 05:48:07.386820+00:00,2024-12-08 05:49:07.386820+00:00,2024-12-08 05:48:43.274108+00:00,network_metrics,3758096636,LLMNR,2886796214,9.47,1.44,0.0,0.91,0.01,0,2.88,443.0,443.0,1.13,0.4,0.0,0.015960936903944456,
2024-12-08 05:48:49.430889+00:00,_result,155,2024-12-08 05:48:07.386820+00:00,2024-12-08 05:49:07.386820+00:00,2024-12-08 05:48:49.430889+00:00,network_metrics,3758096636,LLMNR,2886796214,4.46,6.49,0.0,,0.01,0,0.0,443.0,443.0,6.49,0.06,0.0,0.007812619211108568,
2024-12-08 05:49:05.977254+00:00,_result,156,2024-12-08 05:48:07.386820+00:00,2024-12-08 05:49:07.386820+00:00,2024-12-08 05:49:05.977254+00:00,network_metrics,3758096636,LLMNR,2886799464,47.49,1.23,0.0,0.33,0.02,0,0.43,443.0,443.0,1.0,0.34,0.0,0.007812619211108568,
2024-12-08 05:48:32.216440+00:00,_result,157,2024-12-08 05:48:07.386820+00:00,2024-12-08 05:49:07.386820+00:00,2024-12-08 05:48:32.216440+00:00,network_metrics,4026531834,SSDP,2886796214,7.86,19.24,0.0,24.96,0.08,0,1.0,443.0,443.0,36.89,1.51,0.0,0.007812619211108568,
2024-12-08 05:48:37.613980+00:00,_result,157,2024-12-08 05:48:07.386820+00:00,2024-12-08 05:49:07.386820+00:00,2024-12-08 05:48:37.613980+00:00,network_metrics,4026531834,SSDP,2886796214,36.23,446.56,0.0,629.17,0.07,0,1.0,443.0,443.0,891.44,1.49,0.0,0.0052930288057030095,
2024-12-08 05:48:43.312269+00:00,_result,157,2024-12-08 05:48:07.386820+00:00,2024-12-08 05:49:07.386820+00:00,2024-12-08 05:48:43.312269+00:00,network_metrics,4026531834,SSDP,2886796214,9.47,101.38,0.0,128.98,0.07,0,2.84,443.0,443.0,30.96,2.74,0.0,0.015960936903944456,
2024-12-08 05:48:49.509141+00:00,_result,157,2024-12-08 05:48:07.386820+00:00,2024-12-08 05:49:07.386820+00:00,2024-12-08 05:48:49.509141+00:00,network_metrics,4026531834,SSDP,2886796214,4.46,0.82,0.0,,0.03,0,0.0,443.0,443.0,0.82,0.31,0.0,0.007812619211108568,
2024-12-08 05:48:54.279607+00:00,_result,157,2024-12-08 05:48:07.386820+00:00,2024-12-08 05:49:07.386820+00:00,2024-12-08 05:48:54.279607+00:00,network_metrics,4026531834,SSDP,2886796214,1.71,9.84,0.0,,0.02,0,0.0,61714.0,443.0,9.84,0.25,0.0,0.004654001678492409,
2024-12-08 05:48:59.733209+00:00,_result,157,2024-12-08 05:48:07.386820+00:00,2024-12-08 05:49:07.386820+00:00,2024-12-08 05:48:59.733209+00:00,network_metrics,4026531834,SSDP,2886796214,67.3,151.52,0.0,249.15,0.02,0,2.01,61786.0,443.0,66.97,0.82,0.0,0.001266498817425803,
2024-12-08 05:48:59.837218+00:00,_result,158,2024-12-08 05:48:07.386820+00:00,2024-12-08 05:49:07.386820+00:00,2024-12-08 05:48:59.837218+00:00,network_metrics,4026531834,SSDP,2886796558,67.3,85.36,0.0,53.75,0.02,0,4.02,61786.0,443.0,88.77,0.48,1.0,0.001266498817425803,
2024-12-08 05:49:05.400631+00:00,_result,158,2024-12-08 05:48:07.386820+00:00,2024-12-08 05:49:07.386820+00:00,2024-12-08 05:49:05.400631+00:00,network_metrics,4026531834,SSDP,2886796558,47.49,88.78,0.0,,0.06,0,0.0,443.0,443.0,88.78,0.64,1.0,0.007812619211108568,
2024-12-08 05:48:25.131289+00:00,_result,159,2024-12-08 05:48:07.386820+00:00,2024-12-08 05:49:07.386820+00:00,2024-12-08 05:48:25.131289+00:00,network_metrics,4026531834,SSDP,2886801789,5.53,224.4,0.0,,0.05,0,0.0,61276.0,443.0,224.4,0.5,1.0,0.004806591897459373,
2024-12-08 05:48:32.779317+00:00,_result,159,2024-12-08 05:48:07.386820+00:00,2024-12-08 05:49:07.386820+00:00,2024-12-08 05:48:32.779317+00:00,network_metrics,4026531834,SSDP,2886801789,7.86,180.44,0.0,,0.06,0,0.0,443.0,443.0,180.44,0.55,1.0,0.007812619211108568,
2024-12-08 05:48:32.813718+00:00,_result,160,2024-12-08 05:48:07.386820+00:00,2024-12-08 05:49:07.386820+00:00,2024-12-08 05:48:32.813718+00:00,network_metrics,4026531834,SSDP,2886802089,7.86,19.83,0.0,,0.06,0,0.0,443.0,443.0,19.83,0.55,0.0,0.007812619211108568,
2024-12-08 05:48:30.386264+00:00,_result,161,2024-12-08 05:48:07.386820+00:00,2024-12-08 05:49:07.386820+00:00,2024-12-08 05:48:30.386264+00:00,network_metrics,4294967295,DHCP,0,7.86,129.77,0.0,128.19,0.13,0,5.65,443.0,443.0,8.52,6.65,0.5,0.007812619211108568,
2024-12-08 05:48:41.709806+00:00,_result,161,2024-12-08 05:48:07.386820+00:00,2024-12-08 05:49:07.386820+00:00,2024-12-08 05:48:41.709806+00:00,network_metrics,4294967295,DHCP,0,9.47,620.16,0.0,,0.12,0,0.0,443.0,443.0,620.16,1.21,0.5247933884297521,0.015960936903944456,
2024-12-08 05:49:03.653659+00:00,_result,161,2024-12-08 05:48:07.386820+00:00,2024-12-08 05:49:07.386820+00:00,2024-12-08 05:49:03.653659+00:00,network_metrics,4294967295,DHCP,0,47.49,141.92,0.0,126.54,0.15,0,0.31,443.0,443.0,73.4,4.64,0.5,0.007812619211108568,
2024-12-08 05:48:31.305675+00:00,_result,162,2024-12-08 05:48:07.386820+00:00,2024-12-08 05:49:07.386820+00:00,2024-12-08 05:48:31.305675+00:00,network_metrics,4294967295,DHCP,2886795265,7.86,8.92,0.0,,0.13,0,0.0,443.0,443.0,8.92,1.33,0.5,0.007812619211108568,
2024-12-08 05:49:05.500522+00:00,_result,163,2024-12-08 05:48:07.386820+00:00,2024-12-08 05:49:07.386820+00:00,2024-12-08 05:49:05.500522+00:00,network_metrics,4294967295,DHCP,2886799361,47.49,88.37,0.0,,0.15,0,0.0,443.0,443.0,88.37,1.55,0.5,0.007812619211108568,
2024-12-08 05:48:22.610228+00:00,_result,164,2024-12-08 05:48:07.386820+00:00,2024-12-08 05:49:07.386820+00:00,2024-12-08 05:48:22.610228+00:00,network_metrics,56129226,TCP,2886799464,5.53,35.0,0.0,104.49,0.01,0,1.45,443.0,61262.0,2.07,26.83,0.3952380952380953,0.9802395666437781,0.0
2024-12-08 05:48:32.266700+00:00,_result,164,2024-12-08 05:48:07.386820+00:00,2024-12-08 05:49:07.386820+00:00,2024-12-08 05:48:32.266700+00:00,network_metrics,56129226,TCP,2886799464,7.86,0.18,0.0,0.13,0.01,0,0.23,443.0,61262.0,0.28,0.11,0.5,0.007736324101625086,0.6521739130434783
2024-12-08 05:48:31.616254+00:00,_result,165,2024-12-08 05:48:07.386820+00:00,2024-12-08 05:49:07.386820+00:00,2024-12-08 05:48:31.616254+00:00,network_metrics,577494354,TCP,2886796214,7.86,9.35,0.0,23.19,0.01,0,0.06,80.0,61509.0,61.93,4.66,0.5,0.9802395666437781,0.0
2024-12-08 05:48:37.366450+00:00,_result,165,2024-12-08 05:48:07.386820+00:00,2024-12-08 05:49:07.386820+00:00,2024-12-08 05:48:37.366450+00:00,network_metrics,577494354,TCP,2886796214,220.62,3.99,0.0,2.76,0.01,0,0.2,80.0,61510.0,7.18,0.21,1.0,0.00527773103458826,0.6363636363636364
2024-12-08 05:48:59.153492+00:00,_result,165,2024-12-08 05:48:07.386820+00:00,2024-12-08 05:49:07.386820+00:00,2024-12-08 05:48:59.153492+00:00,network_metrics,577494354,TCP,2886796214,67.3,61.4,0.0,86.46,0.0,0,0.0,80.0,61510.0,122.54,0.0,0.5,0.007797360189211872,0.6363636363636364
2024-12-08 05:49:05.651189+00:00,_result,166,2024-12-08 05:48:07.386820+00:00,2024-12-08 05:49:07.386820+00:00,2024-12-08 05:49:05.651189+00:00,network_metrics,577494354,TCP,2886799464,47.49,1.19,0.0,2.24,0.01,0,0.19,80.0,61851.0,7.13,5.54,0.5,0.9802395666437781,0.0
2024-12-08 05:48:42.751103+00:00,_result,167,2024-12-08 05:48:07.386820+00:00,2024-12-08 05:49:07.386820+00:00,2024-12-08 05:48:42.751103+00:00,network_metrics,577499997,TCP,2886796214,9.47,26.7,0.0,51.2,0.01,0,0.68,443.0,61577.0,43.92,19.79,0.5247933884297521,0.9802395666437781,0.0
2024-12-08 05:48:48.450950+00:00,_result,168,2024-12-08 05:48:07.386820+00:00,2024-12-08 05:49:07.386820+00:00,2024-12-08 05:48:48.450950+00:00,network_metrics,599449622,TCP,2886796214,4.46,2.6,0.0,4.28,0.0,0,0.18,443.0,61680.0,17.64,19.83,0.5,0.9802395666437781,0.0
2024-12-08 05:48:53.403783+00:00,_result,168,2024-12-08 05:48:07.386820+00:00,2024-12-08 05:49:07.386820+00:00,2024-12-08 05:48:53.403783+00:00,network_metrics,599449622,TCP,2886796214,0.37,0.83,0.0,1.23,0.0,0,0.12,443.0,61680.0,0.36,0.13,0.5,0.007812619211108568,0.6363636363636364
2024-12-08 05:48:59.259355+00:00,_result,168,2024-12-08 05:48:07.386820+00:00,2024-12-08 05:49:07.386820+00:00,2024-12-08 05:48:59.259355+00:00,network_metrics,599449622,TCP,2886796214,67.3,2.53,0.0,5.84,0.0,0,2.72,443.0,61733.0,3.63,8.53,0.5,0.9802395666437781,0.0
2024-12-08 05:48:42.831492+00:00,_result,169,2024-12-08 05:48:07.386820+00:00,2024-12-08 05:49:07.386820+00:00,2024-12-08 05:48:42.831492+00:00,network_metrics,599449624,TCP,2886796214,9.47,9.08,0.0,19.4,0.01,0,1.82,443.0,61603.0,9.08,16.84,0.5247933884297521,0.9802395666437781,0.0
2024-12-08 05:48:48.499456+00:00,_result,169,2024-12-08 05:48:07.386820+00:00,2024-12-08 05:49:07.386820+00:00,2024-12-08 05:48:48.499456+00:00,network_metrics,599449624,TCP,2886796214,0.03,7.28,0.0,10.34,0.0,0,1.42,443.0,61603.0,1.77,6.62,0.5,0.007812619211108568,0.6363636363636364
2024-12-08 05:48:53.444411+00:00,_result,169,2024-12-08 05:48:07.386820+00:00,2024-12-08 05:49:07.386820+00:00,2024-12-08 05:48:53.444411+00:00,network_metrics,599449624,TCP,2886796214,1.71,0.35,0.0,0.31,0.0,0,0.02,443.0,61603.0,0.8,0.07,0.5,0.007812619211108568,0.6818181818181818
2024-12-08 05:49:05.003806+00:00,_result,169,2024-12-08 05:48:07.386820+00:00,2024-12-08 05:49:07.386820+00:00,2024-12-08 05:49:05.003806+00:00,network_metrics,599449624,TCP,2886796214,47.49,2.12,0.0,2.64,0.01,0,0.19,443.0,61809.0,5.93,25.62,0.5,0.9802395666437781,0.0
2024-12-08 05:48:48.533319+00:00,_result,170,2024-12-08 05:48:07.386820+00:00,2024-12-08 05:49:07.386820+00:00,2024-12-08 05:48:48.533319+00:00,network_metrics,599449640,TCP,2886796214,4.46,20.79,0.0,34.0,0.0,0,0.14,443.0,61672.0,0.63,2.0,0.5,0.9802395666437781,0.0
2024-12-08 05:48:53.474997+00:00,_result,170,2024-12-08 05:48:07.386820+00:00,2024-12-08 05:49:07.386820+00:00,2024-12-08 05:48:53.474997+00:00,network_metrics,599449640,TCP,2886796214,0.29,0.3,0.0,,0.0,0,0.0,443.0,61672.0,0.3,0.02,0.5,0.007812619211108568,0.6363636363636364
2024-12-08 05:48:59.299867+00:00,_result,170,2024-12-08 05:48:07.386820+00:00,2024-12-08 05:49:07.386820+00:00,2024-12-08 05:48:59.299867+00:00,network_metrics,599449640,TCP,2886796214,67.3,9.28,0.0,9.76,0.0,0,0.45,443.0,61729.0,10.95,4.01,0.5,0.9802395666437781,0.0
2024-12-08 05:48:12.812123+00:00,_result,171,2024-12-08 05:48:07.386820+00:00,2024-12-08 05:49:07.386820+00:00,2024-12-08 05:48:12.812123+00:00,network_metrics,599449640,TLSv1.2,2886799464,63.42,122.94,0.0,,0.02,0,0.0,443.0,56312.0,122.94,0.15,0.40487804878048783,0.007797360189211872,0.9999999999999999
2024-12-08 05:48:32.448284+00:00,_result,171,2024-12-08 05:48:07.386820+00:00,2024-12-08 05:49:07.386820+00:00,2024-12-08 05:48:32.448284+00:00,network_metrics,599449640,TLSv1.2,2886799464,7.86,137.35,0.0,165.37,0.02,0,0.69,443.0,56319.0,138.1,0.94,0.5,0.0077515831235217825,0.9565217391304348
2024-12-08 05:48:37.404213+00:00,_result,172,2024-12-08 05:48:07.386820+00:00,2024-12-08 05:49:07.386820+00:00,2024-12-08 05:48:37.404213+00:00,network_metrics,600356467,TCP,2886796214,36.23,2.28,0.0,1.8,0.01,0,0.07,443.0,61562.0,4.18,2.56,1.0,0.9801893864064006,0.0
2024-12-08 05:48:42.897900+00:00,_result,172,2024-12-08 05:48:07.386820+00:00,2024-12-08 05:49:07.386820+00:00,2024-12-08 05:48:42.897900+00:00,network_metrics,600356467,TCP,2886796214,0.09,1.26,0.0,0.86,0.0,0,0.04,443.0,61562.0,1.54,1.69,0.5247933884297521,0.007827878233005264,0.6086956521739131
2024-12-08 05:48:48.579276+00:00,_result,172,2024-12-08 05:48:07.386820+00:00,2024-12-08 05:49:07.386820+00:00,2024-12-08 05:48:48.579276+00:00,network_metrics,600356467,TCP,2886796214,4.46,26.58,0.0,60.41,0.0,0,0.15,443.0,61677.0,18.01,1.78,0.5,0.9802395666437781,0.0
2024-12-08 05:48:59.350920+00:00,_result,172,2024-12-08 05:48:07.386820+00:00,2024-12-08 05:49:07.386820+00:00,2024-12-08 05:48:59.350920+00:00,network_metrics,600356467,TCP,2886796214,67.3,1.31,0.0,1.61,0.0,0,0.26,443.0,61749.0,0.27,1.24,0.5,0.9802395666437781,0.0
2024-12-08 05:49:05.115974+00:00,_result,172,2024-12-08 05:48:07.386820+00:00,2024-12-08 05:49:07.386820+00:00,2024-12-08 05:49:05.115974+00:00,network_metrics,600356467,TCP,2886796214,47.49,18.38,0.0,48.8,0.01,0,0.16,443.0,61812.0,156.09,5.16,0.5,0.9802395666437781,0.0
2024-12-08 05:48:12.877125+00:00,_result,173,2024-12-08 05:48:07.386820+00:00,2024-12-08 05:49:07.386820+00:00,2024-12-08 05:48:12.877125+00:00,network_metrics,600356467,TCP,2886799464,63.42,59.05,0.0,167.85,0.01,0,0.25,443.0,61214.0,506.57,4.77,0.40487804878048783,0.9802395666437781,0.0
2024-12-08 05:48:23.097666+00:00,_result,173,2024-12-08 05:48:07.386820+00:00,2024-12-08 05:49:07.386820+00:00,2024-12-08 05:48:23.097666+00:00,network_metrics,600356467,TCP,2886799464,5.53,24.78,0.0,46.13,0.01,0,1.63,443.0,61293.0,115.4,2.54,0.3952380952380953,0.9802395666437781,0.0
2024-12-08 05:48:32.490403+00:00,_result,173,2024-12-08 05:48:07.386820+00:00,2024-12-08 05:49:07.386820+00:00,2024-12-08 05:48:32.490403+00:00,network_metrics,600356467,TCP,2886799464,7.86,0.16,0.0,0.19,0.01,0,2.07,443.0,61293.0,0.06,2.18,0.5,0.007858396276798657,0.6086956521739131
2024-12-08 05:48:37.445517+00:00,_result,174,2024-12-08 05:48:07.386820+00:00,2024-12-08 05:49:07.386820+00:00,2024-12-08 05:48:37.445517+00:00,network_metrics,601878194,TCP,2886796214,36.23,137.07,0.0,234.98,0.01,0,0.95,443.0,61537.0,0.47,6.71,1.0,0.9801893864064006,0.0
2024-12-08 05:48:42.947044+00:00,_result,174,2024-12-08 05:48:07.386820+00:00,2024-12-08 05:49:07.386820+00:00,2024-12-08 05:48:42.947044+00:00,network_metrics,601878194,TCP,2886796214,0.09,0.68,0.0,0.42,0.0,0,0.27,443.0,61537.0,0.39,1.61,0.5247933884297521,0.007858396276798657,0.6086956521739131
2024-12-08 05:48:48.632679+00:00,_result,174,2024-12-08 05:48:07.386820+00:00,2024-12-08 05:49:07.386820+00:00,2024-12-08 05:48:48.632679+00:00,network_metrics,601878194,TCP,2886796214,4.46,10.36,0.0,12.11,0.0,0,0.79,443.0,61639.0,29.81,2.81,0.5,0.9802395666437781,0.0
2024-12-08 05:48:53.579204+00:00,_result,174,2024-12-08 05:48:07.386820+00:00,2024-12-08 05:49:07.386820+00:00,2024-12-08 05:48:53.579204+00:00,network_metrics,601878194,TCP,2886796214,1.71,42.79,0.0,113.97,0.0,0,0.8,443.0,61696.0,324.77,1.68,0.5,0.9802395666437781,0.0
2024-12-08 05:49:05.203796+00:00,_result,174,2024-12-08 05:48:07.386820+00:00,2024-12-08 05:49:07.386820+00:00,2024-12-08 05:49:05.203796+00:00,network_metrics,601878194,TCP,2886796214,47.49,20.77,0.0,,0.01,0,0.0,443.0,61537.0,20.77,0.07,0.5,0.00784313725490196,0.6363636363636364
2024-12-08 05:48:32.522847+00:00,_result,175,2024-12-08 05:48:07.386820+00:00,2024-12-08 05:49:07.386820+00:00,2024-12-08 05:48:32.522847+00:00,network_metrics,601878194,TCP,2886799464,7.86,103.35,0.0,140.85,0.01,0,5.9,443.0,56857.0,32.96,7.9,0.5,0.007782101167315175,0.6086956521739131
2024-12-08 05:48:42.992554+00:00,_result,176,2024-12-08 05:48:07.386820+00:00,2024-12-08 05:49:07.386820+00:00,2024-12-08 05:48:42.992554+00:00,network_metrics,915566499,TCP,2886796214,9.47,86.71,0.0,163.45,0.01,0,2.76,443.0,61588.0,21.76,6.3,0.5247933884297521,0.9802395666437781,0.0
2024-12-08 05:48:48.684408+00:00,_result,176,2024-12-08 05:48:07.386820+00:00,2024-12-08 05:49:07.386820+00:00,2024-12-08 05:48:48.684408+00:00,network_metrics,915566499,TCP,2886796214,74.3,1.03,0.0,,0.0,0,0.0,443.0,61588.0,1.03,0.02,0.5,0.007782101167315175,0.6363636363636364
